,Series_reference,Period,Data_value,Suppressed,STATUS,UNITS,Magnitude,Subject,Group,Series_title_1,Series_title_2,Series_title_3,Series_title_4,Series_title_5
0,BDCQ.SEA1AA,2011.06,80078,,0,Number,0,Business Data Collection - BDC,Industry by employment variable,Filled jobs,"Agriculture, Forestry and Fishing",Actual,,
1,BDCQ.SEA1AA,2011.09,78324,,0,Number,0,Business Data Collection - BDC,Industry by employment variable,Filled jobs,"Agriculture, Forestry and Fishing",Actual,,
2,BDCQ.SEA1AA,2011.12,85850,,0,Number,0,Business Data Collection - BDC,Industry by employment variable,Filled jobs,"Agriculture, Forestry and Fishing",Actual,,
3,BDCQ.SEA1AA,2012.03,90743,,0,Number,0,Business Data Collection - BDC,Industry by employment variable,Filled jobs,"Agriculture, Forestry and Fishing",Actual,,
4,BDCQ.SEA1AA,2012.06,81780,,0,Number,0,Business Data Collection - BDC,Industry by employment variable,Filled jobs,"Agriculture, Forestry and Fishing",Actual,,
5,BDCQ.SEA1AA,2012.09,79261,,0,Number,0,Business Data Collection - BDC,Industry by employment variable,Filled jobs,"Agriculture, Forestry and Fishing",Actual,,
6,BDCQ.SEA1AA,2012.12,87793,,0,Number,0,Business Data Collection - BDC,Industry by employment variable,Filled jobs,"Agriculture, Forestry and Fishing",Actual,,
7,BDCQ.SEA1AA,2013.03,91571,,0,Number,0,Business Data Collection - BDC,Industry by employment variable,Filled jobs,"Agriculture, Forestry and Fishing",Actual,,
8,BDCQ.SEA1AA,2013.06,81687,,0,Number,0,Business Data Collection - BDC,Industry by employment variable,Filled jobs,"Agriculture, Forestry and Fishing",Actual,,
9,BDCQ.SEA1AA,2013.09,81471,,0,Number,0,Business Data Collection - BDC,Industry by employment variable,Filled jobs,"Agriculture, Forestry and Fishing",Actual,,
10,BDCQ.SEA1AA,2013.12,93950,,0,Number,0,Business Data Collection - BDC,Industry by employment variable,Filled jobs,"Agriculture, Forestry and Fishing",Actual,,
11,BDCQ.SEA1AA,2014.03,97208,,0,Number,0,Business Data Collection - BDC,Industry by employment variable,Filled jobs,"Agriculture, Forestry and Fishing",Actual,,
12,BDCQ.SEA1AA,2014.06,85879,,0,Number,0,Business Data Collection - BDC,Industry by employment variable,Filled jobs,"Agriculture, Forestry and Fishing",Actual,,
13,BDCQ.SEA1AA,2014.09,84447,,0,Number,0,Business Data Collection - BDC,Industry by employment variable,Filled jobs,"Agriculture, Forestry and Fishing",Actual,,
14,BDCQ.SEA1AA,2014.12,95075,,0,Number,0,Business Data Collection - BDC,Industry by employment variable,Filled jobs,"Agriculture, Forestry and Fishing",Actual,,
15,BDCQ.SEA1AA,2015.03,98202,,0,Number,0,Business Data Collection - BDC,Industry by employment variable,Filled jobs,"Agriculture, Forestry and Fishing",Actual,,
16,BDCQ.SEA1AA,2015.06,87987,,0,Number,0,Business Data Collection - BDC,Industry by employment variable,Filled jobs,"Agriculture, Forestry and Fishing",Actual,,
17,BDCQ.SEA1AA,2015.09,84529,,0,Number,0,Business Data Collection - BDC,Industry by employment variable,Filled jobs,"Agriculture, Forestry and Fishing",Actual,,
18,BDCQ.SEA1AA,2015.12,96848,,0,Number,0,Business Data Collection - BDC,Industry by employment variable,Filled jobs,"Agriculture, Forestry and Fishing",Actual,,
19,BDCQ.SEA1AA,2016.03,99291,,0,Number,0,Business Data Collection - BDC,Industry by employment variable,Filled jobs,"Agriculture, Forestry and Fishing",Actual,,
20,BDCQ.SEA1AA,2016.06,88716,,0,Number,0,Business Data Collection - BDC,Industry by employment variable,Filled jobs,"Agriculture, Forestry and Fishing",Actual,,
21,BDCQ.SEA1AA,2016.09,85933,,0,Number,0,Business Data Collection - BDC,Industry by employment variable,Filled jobs,"Agriculture, Forestry and Fishing",Actual,,
22,BDCQ.SEA1AA,2016.12,96540,,0,Number,0,Business Data Collection - BDC,Industry by employment variable,Filled jobs,"Agriculture, Forestry and Fishing",Actual,,
23,BDCQ.SEA1AA,2017.03,98994,,0,Number,0,Business Data Collection - BDC,Industry by employment variable,Filled jobs,"Agriculture, Forestry and Fishing",Actual,,
24,BDCQ.SEA1AA,2017.06,90510,,0,Number,0,Business Data Collection - BDC,Industry by employment variable,Filled jobs,"Agriculture, Forestry and Fishing",Actual,,
25,BDCQ.SEA1AA,2017.09,87089,,0,Number,0,Business Data Collection - BDC,Industry by employment variable,Filled jobs,"Agriculture, Forestry and Fishing",Actual,,
26,BDCQ.SEA1AA,2017.12,98933,,0,Number,0,Business Data Collection - BDC,Industry by employment variable,Filled jobs,"Agriculture, Forestry and Fishing",Actual,,
27,BDCQ.SEA1AA,2018.03,101168,,0,Number,0,Business Data Collection - BDC,Industry by employment variable,Filled jobs,"Agriculture, Forestry and Fishing",Actual,,
28,BDCQ.SEA1AA,2018.06,90766,,0,Number,0,Business Data Collection - BDC,Industry by employment variable,Filled jobs,"Agriculture, Forestry and Fishing",Actual,,
29,BDCQ.SEA1AA,2018.09,86929,,0,Number,0,Business Data Collection - BDC,Industry by employment variable,Filled jobs,"Agriculture, Forestry and Fishing",Actual,,
30,BDCQ.SEA1AA,2018.12,100290,,0,Number,0,Business Data Collection - BDC,Industry by employment variable,Filled jobs,"Agriculture, Forestry and Fishing",Actual,,
31,BDCQ.SEA1AA,2019.03,102031,,0,Number,0,Business Data Collection - BDC,Industry by employment variable,Filled jobs,"Agriculture, Forestry and Fishing",Actual,,
32,BDCQ.SEA1AA,2019.06,90836,,0,Number,0,Business Data Collection - BDC,Industry by employment variable,Filled jobs,"Agriculture, Forestry and Fishing",Actual,,
33,BDCQ.SEA1AA,2019.09,88032,,0,Number,0,Business Data Collection - BDC,Industry by employment variable,Filled jobs,"Agriculture, Forestry and Fishing",Actual,,
34,BDCQ.SEA1AA,2019.12,100531,,0,Number,0,Business Data Collection - BDC,Industry by employment variable,Filled jobs,"Agriculture, Forestry and Fishing",Actual,,
35,BDCQ.SEA1AA,2020.03,100947,,0,Number,0,Business Data Collection - BDC,Industry by employment variable,Filled jobs,"Agriculture, Forestry and Fishing",Actual,,
36,BDCQ.SEA1AA,2020.06,93239,,0,Number,0,Business Data Collection - BDC,Industry by employment variable,Filled jobs,"Agriculture, Forestry and Fishing",Actual,,
37,BDCQ.SEA1AA,2020.09,93706,,0,Number,0,Business Data Collection - BDC,Industry by employment variable,Filled jobs,"Agriculture, Forestry and Fishing",Actual,,
38,BDCQ.SEA1AA,2020.12,103593,,0,Number,0,Business Data Collection - BDC,Industry by employment variable,Filled jobs,"Agriculture, Forestry and Fishing",Actual,,
39,BDCQ.SEA1AA,2021.03,102002,,0,Number,0,Business Data Collection - BDC,Industry by employment variable,Filled jobs,"Agriculture, Forestry and Fishing",Actual,,
40,BDCQ.SEA1AA,2021.06,93431,,0,Number,0,Business Data Collection - BDC,Industry by employment variable,Filled jobs,"Agriculture, Forestry and Fishing",Actual,,
41,BDCQ.SEA1AA,2021.09,92353,,0,Number,0,Business Data Collection - BDC,Industry by employment variable,Filled jobs,"Agriculture, Forestry and Fishing",Actual,,
42,BDCQ.SEA1AA,2021.12,102896,,0,Number,0,Business Data Collection - BDC,Industry by employment variable,Filled jobs,"Agriculture, Forestry and Fishing",Actual,,
43,BDCQ.SEA1AA,2022.03,101092,,0,Number,0,Business Data Collection - BDC,Industry by employment variable,Filled jobs,"Agriculture, Forestry and Fishing",Actual,,
44,BDCQ.SEA1AA,2022.06,94757,,0,Number,0,Business Data Collection - BDC,Industry by employment variable,Filled jobs,"Agriculture, Forestry and Fishing",Actual,,
45,BDCQ.SEA1AA,2022.09,91674,,0,Number,0,Business Data Collection - BDC,Industry by employment variable,Filled jobs,"Agriculture, Forestry and Fishing",Actual,,
46,BDCQ.SEA1AA,2022.12,99680,,0,Number,0,Business Data Collection - BDC,Industry by employment variable,Filled jobs,"Agriculture, Forestry and Fishing",Actual,,
47,BDCQ.SEA1AA,2023.03,98706,,0,Number,0,Business Data Collection - BDC,Industry by employment variable,Filled jobs,"Agriculture, Forestry and Fishing",Actual,,
48,BDCQ.SEA1AA,2023.06,92576,,0,Number,0,Business Data Collection - BDC,Industry by employment variable,Filled jobs,"Agriculture, Forestry and Fishing",Actual,,
49,BDCQ.SEA1AA,2023.09,90647,,0,Number,0,Business Data Collection - BDC,Industry by employment variable,Filled jobs,"Agriculture, Forestry and Fishing",Actual,,
50,BDCQ.SEA1AA,2023.12,100561,,0,Number,0,Business Data Collection - BDC,Industry by employment variable,Filled jobs,"Agriculture, Forestry and Fishing",Actual,,
51,BDCQ.SEA1AA,2024.03,100429,,0,Number,0,Business Data Collection - BDC,Industry by employment variable,Filled jobs,"Agriculture, Forestry and Fishing",Actual,,
52,BDCQ.SEA1AA,2024.06,92037,,0,Number,0,Business Data Collection - BDC,Industry by employment variable,Filled jobs,"Agriculture, Forestry and Fishing",Actual,,
53,BDCQ.SEA1AA,2024.09,90079,,0,Number,0,Business Data Collection - BDC,Industry by employment variable,Filled jobs,"Agriculture, Forestry and Fishing",Actual,,
54,BDCQ.SEA1AA,2024.12,100318,,0,Number,0,Business Data Collection - BDC,Industry by employment variable,Filled jobs,"Agriculture, Forestry and Fishing",Actual,,
55,BDCQ.SEA1AA,2025.03,99703,,0,Number,0,Business Data Collection - BDC,Industry by employment variable,Filled jobs,"Agriculture, Forestry and Fishing",Actual,,
56,BDCQ.SEA1AA,2025.06,92128,,0,Number,0,Business Data Collection - BDC,Industry by employment variable,Filled jobs,"Agriculture, Forestry and Fishing",Actual,,
57,BDCQ.SEA1AA,2025.09,90814,,1,Number,0,Business Data Collection - BDC,Industry by employment variable,Filled jobs,"Agriculture, Forestry and Fishing",Actual,,
58,BDCQ.SEA1AS,2011.06,83851,,1,Number,0,Business Data Collection - BDC,Industry by employment variable,Filled jobs,"Agriculture, Forestry and Fishing",Seasonally adjusted,,
59,BDCQ.SEA1AS,2011.09,84142,,1,Number,0,Business Data Collection - BDC,Industry by employment variable,Filled jobs,"Agriculture, Forestry and Fishing",Seasonally adjusted,,
60,BDCQ.SEA1AS,2011.12,82663,,1,Number,0,Business Data Collection - BDC,Industry by employment variable,Filled jobs,"Agriculture, Forestry and Fishing",Seasonally adjusted,,
61,BDCQ.SEA1AS,2012.03,84321,,1,Number,0,Business Data Collection - BDC,Industry by employment variable,Filled jobs,"Agriculture, Forestry and Fishing",Seasonally adjusted,,
62,BDCQ.SEA1AS,2012.06,85700,,1,Number,0,Business Data Collection - BDC,Industry by employment variable,Filled jobs,"Agriculture, Forestry and Fishing",Seasonally adjusted,,
63,BDCQ.SEA1AS,2012.09,85208,,1,Number,0,Business Data Collection - BDC,Industry by employment variable,Filled jobs,"Agriculture, Forestry and Fishing",Seasonally adjusted,,
64,BDCQ.SEA1AS,2012.12,84420,,1,Number,0,Business Data Collection - BDC,Industry by employment variable,Filled jobs,"Agriculture, Forestry and Fishing",Seasonally adjusted,,
65,BDCQ.SEA1AS,2013.03,85085,,1,Number,0,Business Data Collection - BDC,Industry by employment variable,Filled jobs,"Agriculture, Forestry and Fishing",Seasonally adjusted,,
66,BDCQ.SEA1AS,2013.06,85658,,1,Number,0,Business Data Collection - BDC,Industry by employment variable,Filled jobs,"Agriculture, Forestry and Fishing",Seasonally adjusted,,
67,BDCQ.SEA1AS,2013.09,87742,,1,Number,0,Business Data Collection - BDC,Industry by employment variable,Filled jobs,"Agriculture, Forestry and Fishing",Seasonally adjusted,,
68,BDCQ.SEA1AS,2013.12,90098,,1,Number,0,Business Data Collection - BDC,Industry by employment variable,Filled jobs,"Agriculture, Forestry and Fishing",Seasonally adjusted,,
69,BDCQ.SEA1AS,2014.03,90413,,1,Number,0,Business Data Collection - BDC,Industry by employment variable,Filled jobs,"Agriculture, Forestry and Fishing",Seasonally adjusted,,
70,BDCQ.SEA1AS,2014.06,90029,,1,Number,0,Business Data Collection - BDC,Industry by employment variable,Filled jobs,"Agriculture, Forestry and Fishing",Seasonally adjusted,,
71,BDCQ.SEA1AS,2014.09,91075,,1,Number,0,Business Data Collection - BDC,Industry by employment variable,Filled jobs,"Agriculture, Forestry and Fishing",Seasonally adjusted,,
72,BDCQ.SEA1AS,2014.12,91007,,1,Number,0,Business Data Collection - BDC,Industry by employment variable,Filled jobs,"Agriculture, Forestry and Fishing",Seasonally adjusted,,
73,BDCQ.SEA1AS,2015.03,91515,,1,Number,0,Business Data Collection - BDC,Industry by employment variable,Filled jobs,"Agriculture, Forestry and Fishing",Seasonally adjusted,,
74,BDCQ.SEA1AS,2015.06,92019,,1,Number,0,Business Data Collection - BDC,Industry by employment variable,Filled jobs,"Agriculture, Forestry and Fishing",Seasonally adjusted,,
75,BDCQ.SEA1AS,2015.09,91355,,1,Number,0,Business Data Collection - BDC,Industry by employment variable,Filled jobs,"Agriculture, Forestry and Fishing",Seasonally adjusted,,
76,BDCQ.SEA1AS,2015.12,92546,,1,Number,0,Business Data Collection - BDC,Industry by employment variable,Filled jobs,"Agriculture, Forestry and Fishing",Seasonally adjusted,,
77,BDCQ.SEA1AS,2016.03,92748,,1,Number,0,Business Data Collection - BDC,Industry by employment variable,Filled jobs,"Agriculture, Forestry and Fishing",Seasonally adjusted,,
78,BDCQ.SEA1AS,2016.06,92576,,1,Number,0,Business Data Collection - BDC,Industry by employment variable,Filled jobs,"Agriculture, Forestry and Fishing",Seasonally adjusted,,
79,BDCQ.SEA1AS,2016.09,92920,,1,Number,0,Business Data Collection - BDC,Industry by employment variable,Filled jobs,"Agriculture, Forestry and Fishing",Seasonally adjusted,,
80,BDCQ.SEA1AS,2016.12,92189,,1,Number,0,Business Data Collection - BDC,Industry by employment variable,Filled jobs,"Agriculture, Forestry and Fishing",Seasonally adjusted,,
81,BDCQ.SEA1AS,2017.03,92657,,1,Number,0,Business Data Collection - BDC,Industry by employment variable,Filled jobs,"Agriculture, Forestry and Fishing",Seasonally adjusted,,
82,BDCQ.SEA1AS,2017.06,94320,,1,Number,0,Business Data Collection - BDC,Industry by employment variable,Filled jobs,"Agriculture, Forestry and Fishing",Seasonally adjusted,,
83,BDCQ.SEA1AS,2017.09,94201,,1,Number,0,Business Data Collection - BDC,Industry by employment variable,Filled jobs,"Agriculture, Forestry and Fishing",Seasonally adjusted,,
84,BDCQ.SEA1AS,2017.12,94258,,1,Number,0,Business Data Collection - BDC,Industry by employment variable,Filled jobs,"Agriculture, Forestry and Fishing",Seasonally adjusted,,
85,BDCQ.SEA1AS,2018.03,94944,,1,Number,0,Business Data Collection - BDC,Industry by employment variable,Filled jobs,"Agriculture, Forestry and Fishing",Seasonally adjusted,,
86,BDCQ.SEA1AS,2018.06,94735,,1,Number,0,Business Data Collection - BDC,Industry by employment variable,Filled jobs,"Agriculture, Forestry and Fishing",Seasonally adjusted,,
87,BDCQ.SEA1AS,2018.09,93701,,1,Number,0,Business Data Collection - BDC,Industry by employment variable,Filled jobs,"Agriculture, Forestry and Fishing",Seasonally adjusted,,
88,BDCQ.SEA1AS,2018.12,95345,,1,Number,0,Business Data Collection - BDC,Industry by employment variable,Filled jobs,"Agriculture, Forestry and Fishing",Seasonally adjusted,,
89,BDCQ.SEA1AS,2019.03,96205,,1,Number,0,Business Data Collection - BDC,Industry by employment variable,Filled jobs,"Agriculture, Forestry and Fishing",Seasonally adjusted,,
90,BDCQ.SEA1AS,2019.06,94949,,1,Number,0,Business Data Collection - BDC,Industry by employment variable,Filled jobs,"Agriculture, Forestry and Fishing",Seasonally adjusted,,
91,BDCQ.SEA1AS,2019.09,94336,,1,Number,0,Business Data Collection - BDC,Industry by employment variable,Filled jobs,"Agriculture, Forestry and Fishing",Seasonally adjusted,,
92,BDCQ.SEA1AS,2019.12,95431,,1,Number,0,Business Data Collection - BDC,Industry by employment variable,Filled jobs,"Agriculture, Forestry and Fishing",Seasonally adjusted,,
93,BDCQ.SEA1AS,2020.03,95827,,1,Number,0,Business Data Collection - BDC,Industry by employment variable,Filled jobs,"Agriculture, Forestry and Fishing",Seasonally adjusted,,
94,BDCQ.SEA1AS,2020.06,97448,,1,Number,0,Business Data Collection - BDC,Industry by employment variable,Filled jobs,"Agriculture, Forestry and Fishing",Seasonally adjusted,,
95,BDCQ.SEA1AS,2020.09,99657,,1,Number,0,Business Data Collection - BDC,Industry by employment variable,Filled jobs,"Agriculture, Forestry and Fishing",Seasonally adjusted,,
96,BDCQ.SEA1AS,2020.12,98469,,1,Number,0,Business Data Collection - BDC,Industry by employment variable,Filled jobs,"Agriculture, Forestry and Fishing",Seasonally adjusted,,
97,BDCQ.SEA1AS,2021.03,97449,,1,Number,0,Business Data Collection - BDC,Industry by employment variable,Filled jobs,"Agriculture, Forestry and Fishing",Seasonally adjusted,,
98,BDCQ.SEA1AS,2021.06,97336,,1,Number,0,Business Data Collection - BDC,Industry by employment variable,Filled jobs,"Agriculture, Forestry and Fishing",Seasonally adjusted,,
99,BDCQ.SEA1AS,2021.09,97770,,1,Number,0,Business Data Collection - BDC,Industry by employment variable,Filled jobs,"Agriculture, Forestry and Fishing",Seasonally adjusted,,
100,BDCQ.SEA1AS,2021.12,98027,,1,Number,0,Business Data Collection - BDC,Industry by employment variable,Filled jobs,"Agriculture, Forestry and Fishing",Seasonally adjusted,,
101,BDCQ.SEA1AS,2022.03,96949,,1,Number,0,Business Data Collection - BDC,Industry by employment variable,Filled jobs,"Agriculture, Forestry and Fishing",Seasonally adjusted,,
102,BDCQ.SEA1AS,2022.06,98367,,1,Number,0,Business Data Collection - BDC,Industry by employment variable,Filled jobs,"Agriculture, Forestry and Fishing",Seasonally adjusted,,
103,BDCQ.SEA1AS,2022.09,96900,,1,Number,0,Business Data Collection - BDC,Industry by employment variable,Filled jobs,"Agriculture, Forestry and Fishing",Seasonally adjusted,,
104,BDCQ.SEA1AS,2022.12,95144,,1,Number,0,Business Data Collection - BDC,Industry by employment variable,Filled jobs,"Agriculture, Forestry and Fishing",Seasonally adjusted,,
105,BDCQ.SEA1AS,2023.03,94746,,1,Number,0,Business Data Collection - BDC,Industry by employment variable,Filled jobs,"Agriculture, Forestry and Fishing",Seasonally adjusted,,
106,BDCQ.SEA1AS,2023.06,95929,,1,Number,0,Business Data Collection - BDC,Industry by employment variable,Filled jobs,"Agriculture, Forestry and Fishing",Seasonally adjusted,,
107,BDCQ.SEA1AS,2023.09,95870,,1,Number,0,Business Data Collection - BDC,Industry by employment variable,Filled jobs,"Agriculture, Forestry and Fishing",Seasonally adjusted,,
108,BDCQ.SEA1AS,2023.12,96018,,1,Number,0,Business Data Collection - BDC,Industry by employment variable,Filled jobs,"Agriculture, Forestry and Fishing",Seasonally adjusted,,
109,BDCQ.SEA1AS,2024.03,96323,,1,Number,0,Business Data Collection - BDC,Industry by employment variable,Filled jobs,"Agriculture, Forestry and Fishing",Seasonally adjusted,,
110,BDCQ.SEA1AS,2024.06,95434,,1,Number,0,Business Data Collection - BDC,Industry by employment variable,Filled jobs,"Agriculture, Forestry and Fishing",Seasonally adjusted,,
111,BDCQ.SEA1AS,2024.09,95298,,1,Number,0,Business Data Collection - BDC,Industry by employment variable,Filled jobs,"Agriculture, Forestry and Fishing",Seasonally adjusted,,
112,BDCQ.SEA1AS,2024.12,95739,,1,Number,0,Business Data Collection - BDC,Industry by employment variable,Filled jobs,"Agriculture, Forestry and Fishing",Seasonally adjusted,,
113,BDCQ.SEA1AS,2025.03,95575,,1,Number,0,Business Data Collection - BDC,Industry by employment variable,Filled jobs,"Agriculture, Forestry and Fishing",Seasonally adjusted,,
114,BDCQ.SEA1AS,2025.06,95631,,1,Number,0,Business Data Collection - BDC,Industry by employment variable,Filled jobs,"Agriculture, Forestry and Fishing",Seasonally adjusted,,
115,BDCQ.SEA1AS,2025.09,96071,,0,Number,0,Business Data Collection - BDC,Industry by employment variable,Filled jobs,"Agriculture, Forestry and Fishing",Seasonally adjusted,,
116,BDCQ.SEA1AT,2011.06,83962,,1,Number,0,Business Data Collection - BDC,Industry by employment variable,Filled jobs,"Agriculture, Forestry and Fishing",Trend,,
117,BDCQ.SEA1AT,2011.09,83978,,1,Number,0,Business Data Collection - BDC,Industry by employment variable,Filled jobs,"Agriculture, Forestry and Fishing",Trend,,
118,BDCQ.SEA1AT,2011.12,83924,,1,Number,0,Business Data Collection - BDC,Industry by employment variable,Filled jobs,"Agriculture, Forestry and Fishing",Trend,,
119,BDCQ.SEA1AT,2012.03,84528,,1,Number,0,Business Data Collection - BDC,Industry by employment variable,Filled jobs,"Agriculture, Forestry and Fishing",Trend,,
120,BDCQ.SEA1AT,2012.06,85382,,1,Number,0,Business Data Collection - BDC,Industry by employment variable,Filled jobs,"Agriculture, Forestry and Fishing",Trend,,
121,BDCQ.SEA1AT,2012.09,85195,,1,Number,0,Business Data Collection - BDC,Industry by employment variable,Filled jobs,"Agriculture, Forestry and Fishing",Trend,,
122,BDCQ.SEA1AT,2012.12,84662,,1,Number,0,Business Data Collection - BDC,Industry by employment variable,Filled jobs,"Agriculture, Forestry and Fishing",Trend,,
123,BDCQ.SEA1AT,2013.03,84853,,1,Number,0,Business Data Collection - BDC,Industry by employment variable,Filled jobs,"Agriculture, Forestry and Fishing",Trend,,
124,BDCQ.SEA1AT,2013.06,85867,,1,Number,0,Business Data Collection - BDC,Industry by employment variable,Filled jobs,"Agriculture, Forestry and Fishing",Trend,,
125,BDCQ.SEA1AT,2013.09,87821,,1,Number,0,Business Data Collection - BDC,Industry by employment variable,Filled jobs,"Agriculture, Forestry and Fishing",Trend,,
126,BDCQ.SEA1AT,2013.12,89828,,1,Number,0,Business Data Collection - BDC,Industry by employment variable,Filled jobs,"Agriculture, Forestry and Fishing",Trend,,
127,BDCQ.SEA1AT,2014.03,90363,,1,Number,0,Business Data Collection - BDC,Industry by employment variable,Filled jobs,"Agriculture, Forestry and Fishing",Trend,,
128,BDCQ.SEA1AT,2014.06,90388,,1,Number,0,Business Data Collection - BDC,Industry by employment variable,Filled jobs,"Agriculture, Forestry and Fishing",Trend,,
129,BDCQ.SEA1AT,2014.09,90773,,1,Number,0,Business Data Collection - BDC,Industry by employment variable,Filled jobs,"Agriculture, Forestry and Fishing",Trend,,
130,BDCQ.SEA1AT,2014.12,91172,,1,Number,0,Business Data Collection - BDC,Industry by employment variable,Filled jobs,"Agriculture, Forestry and Fishing",Trend,,
131,BDCQ.SEA1AT,2015.03,91558,,1,Number,0,Business Data Collection - BDC,Industry by employment variable,Filled jobs,"Agriculture, Forestry and Fishing",Trend,,
132,BDCQ.SEA1AT,2015.06,91713,,1,Number,0,Business Data Collection - BDC,Industry by employment variable,Filled jobs,"Agriculture, Forestry and Fishing",Trend,,
133,BDCQ.SEA1AT,2015.09,91788,,1,Number,0,Business Data Collection - BDC,Industry by employment variable,Filled jobs,"Agriculture, Forestry and Fishing",Trend,,
134,BDCQ.SEA1AT,2015.12,92293,,1,Number,0,Business Data Collection - BDC,Industry by employment variable,Filled jobs,"Agriculture, Forestry and Fishing",Trend,,
135,BDCQ.SEA1AT,2016.03,92727,,1,Number,0,Business Data Collection - BDC,Industry by employment variable,Filled jobs,"Agriculture, Forestry and Fishing",Trend,,
136,BDCQ.SEA1AT,2016.06,92758,,1,Number,0,Business Data Collection - BDC,Industry by employment variable,Filled jobs,"Agriculture, Forestry and Fishing",Trend,,
137,BDCQ.SEA1AT,2016.09,92636,,1,Number,0,Business Data Collection - BDC,Industry by employment variable,Filled jobs,"Agriculture, Forestry and Fishing",Trend,,
138,BDCQ.SEA1AT,2016.12,92356,,1,Number,0,Business Data Collection - BDC,Industry by employment variable,Filled jobs,"Agriculture, Forestry and Fishing",Trend,,
139,BDCQ.SEA1AT,2017.03,92875,,1,Number,0,Business Data Collection - BDC,Industry by employment variable,Filled jobs,"Agriculture, Forestry and Fishing",Trend,,
140,BDCQ.SEA1AT,2017.06,93957,,1,Number,0,Business Data Collection - BDC,Industry by employment variable,Filled jobs,"Agriculture, Forestry and Fishing",Trend,,
141,BDCQ.SEA1AT,2017.09,94311,,1,Number,0,Business Data Collection - BDC,Industry by employment variable,Filled jobs,"Agriculture, Forestry and Fishing",Trend,,
142,BDCQ.SEA1AT,2017.12,94403,,1,Number,0,Business Data Collection - BDC,Industry by employment variable,Filled jobs,"Agriculture, Forestry and Fishing",Trend,,
143,BDCQ.SEA1AT,2018.03,94794,,1,Number,0,Business Data Collection - BDC,Industry by employment variable,Filled jobs,"Agriculture, Forestry and Fishing",Trend,,
144,BDCQ.SEA1AT,2018.06,94615,,1,Number,0,Business Data Collection - BDC,Industry by employment variable,Filled jobs,"Agriculture, Forestry and Fishing",Trend,,
145,BDCQ.SEA1AT,2018.09,94464,,1,Number,0,Business Data Collection - BDC,Industry by employment variable,Filled jobs,"Agriculture, Forestry and Fishing",Trend,,
146,BDCQ.SEA1AT,2018.12,95321,,1,Number,0,Business Data Collection - BDC,Industry by employment variable,Filled jobs,"Agriculture, Forestry and Fishing",Trend,,
147,BDCQ.SEA1AT,2019.03,95872,,1,Number,0,Business Data Collection - BDC,Industry by employment variable,Filled jobs,"Agriculture, Forestry and Fishing",Trend,,
148,BDCQ.SEA1AT,2019.06,95074,,1,Number,0,Business Data Collection - BDC,Industry by employment variable,Filled jobs,"Agriculture, Forestry and Fishing",Trend,,
149,BDCQ.SEA1AT,2019.09,94591,,1,Number,0,Business Data Collection - BDC,Industry by employment variable,Filled jobs,"Agriculture, Forestry and Fishing",Trend,,
150,BDCQ.SEA1AT,2019.12,95113,,1,Number,0,Business Data Collection - BDC,Industry by employment variable,Filled jobs,"Agriculture, Forestry and Fishing",Trend,,
151,BDCQ.SEA1AT,2020.03,96021,,1,Number,0,Business Data Collection - BDC,Industry by employment variable,Filled jobs,"Agriculture, Forestry and Fishing",Trend,,
152,BDCQ.SEA1AT,2020.06,97669,,1,Number,0,Business Data Collection - BDC,Industry by employment variable,Filled jobs,"Agriculture, Forestry and Fishing",Trend,,
153,BDCQ.SEA1AT,2020.09,99055,,1,Number,0,Business Data Collection - BDC,Industry by employment variable,Filled jobs,"Agriculture, Forestry and Fishing",Trend,,
154,BDCQ.SEA1AT,2020.12,98652,,1,Number,0,Business Data Collection - BDC,Industry by employment variable,Filled jobs,"Agriculture, Forestry and Fishing",Trend,,
155,BDCQ.SEA1AT,2021.03,97536,,1,Number,0,Business Data Collection - BDC,Industry by employment variable,Filled jobs,"Agriculture, Forestry and Fishing",Trend,,
156,BDCQ.SEA1AT,2021.06,97363,,1,Number,0,Business Data Collection - BDC,Industry by employment variable,Filled jobs,"Agriculture, Forestry and Fishing",Trend,,
157,BDCQ.SEA1AT,2021.09,97707,,1,Number,0,Business Data Collection - BDC,Industry by employment variable,Filled jobs,"Agriculture, Forestry and Fishing",Trend,,
158,BDCQ.SEA1AT,2021.12,98042,,1,Number,0,Business Data Collection - BDC,Industry by employment variable,Filled jobs,"Agriculture, Forestry and Fishing",Trend,,
159,BDCQ.SEA1AT,2022.03,98351,,1,Number,0,Business Data Collection - BDC,Industry by employment variable,Filled jobs,"Agriculture, Forestry and Fishing",Trend,,
160,BDCQ.SEA1AT,2022.06,98162,,1,Number,0,Business Data Collection - BDC,Industry by employment variable,Filled jobs,"Agriculture, Forestry and Fishing",Trend,,
161,BDCQ.SEA1AT,2022.09,96874,,1,Number,0,Business Data Collection - BDC,Industry by employment variable,Filled jobs,"Agriculture, Forestry and Fishing",Trend,,
162,BDCQ.SEA1AT,2022.12,95251,,1,Number,0,Business Data Collection - BDC,Industry by employment variable,Filled jobs,"Agriculture, Forestry and Fishing",Trend,,
163,BDCQ.SEA1AT,2023.03,94959,,1,Number,0,Business Data Collection - BDC,Industry by employment variable,Filled jobs,"Agriculture, Forestry and Fishing",Trend,,
164,BDCQ.SEA1AT,2023.06,95596,,1,Number,0,Business Data Collection - BDC,Industry by employment variable,Filled jobs,"Agriculture, Forestry and Fishing",Trend,,
165,BDCQ.SEA1AT,2023.09,95970,,1,Number,0,Business Data Collection - BDC,Industry by employment variable,Filled jobs,"Agriculture, Forestry and Fishing",Trend,,
166,BDCQ.SEA1AT,2023.12,96116,,1,Number,0,Business Data Collection - BDC,Industry by employment variable,Filled jobs,"Agriculture, Forestry and Fishing",Trend,,
167,BDCQ.SEA1AT,2024.03,96081,,1,Number,0,Business Data Collection - BDC,Industry by employment variable,Filled jobs,"Agriculture, Forestry and Fishing",Trend,,
168,BDCQ.SEA1AT,2024.06,95590,,1,Number,0,Business Data Collection - BDC,Industry by employment variable,Filled jobs,"Agriculture, Forestry and Fishing",Trend,,
169,BDCQ.SEA1AT,2024.09,95372,,1,Number,0,Business Data Collection - BDC,Industry by employment variable,Filled jobs,"Agriculture, Forestry and Fishing",Trend,,
170,BDCQ.SEA1AT,2024.12,95592,,1,Number,0,Business Data Collection - BDC,Industry by employment variable,Filled jobs,"Agriculture, Forestry and Fishing",Trend,,
171,BDCQ.SEA1AT,2025.03,95624,,1,Number,0,Business Data Collection - BDC,Industry by employment variable,Filled jobs,"Agriculture, Forestry and Fishing",Trend,,
172,BDCQ.SEA1AT,2025.06,95711,,1,Number,0,Business Data Collection - BDC,Industry by employment variable,Filled jobs,"Agriculture, Forestry and Fishing",Trend,,
173,BDCQ.SEA1AT,2025.09,95964,,0,Number,0,Business Data Collection - BDC,Industry by employment variable,Filled jobs,"Agriculture, Forestry and Fishing",Trend,,
174,BDCQ.SEA1BA,2011.06,5234,,0,Number,0,Business Data Collection - BDC,Industry by employment variable,Filled jobs,Mining,Actual,,
175,BDCQ.SEA1BA,2011.09,5268,,0,Number,0,Business Data Collection - BDC,Industry by employment variable,Filled jobs,Mining,Actual,,
176,BDCQ.SEA1BA,2011.12,5499,,0,Number,0,Business Data Collection - BDC,Industry by employment variable,Filled jobs,Mining,Actual,,
177,BDCQ.SEA1BA,2012.03,5811,,0,Number,0,Business Data Collection - BDC,Industry by employment variable,Filled jobs,Mining,Actual,,
178,BDCQ.SEA1BA,2012.06,5847,,0,Number,0,Business Data Collection - BDC,Industry by employment variable,Filled jobs,Mining,Actual,,
179,BDCQ.SEA1BA,2012.09,5922,,0,Number,0,Business Data Collection - BDC,Industry by employment variable,Filled jobs,Mining,Actual,,
180,BDCQ.SEA1BA,2012.12,5722,,0,Number,0,Business Data Collection - BDC,Industry by employment variable,Filled jobs,Mining,Actual,,
181,BDCQ.SEA1BA,2013.03,5487,,0,Number,0,Business Data Collection - BDC,Industry by employment variable,Filled jobs,Mining,Actual,,
182,BDCQ.SEA1BA,2013.06,5506,,0,Number,0,Business Data Collection - BDC,Industry by employment variable,Filled jobs,Mining,Actual,,
183,BDCQ.SEA1BA,2013.09,5540,,0,Number,0,Business Data Collection - BDC,Industry by employment variable,Filled jobs,Mining,Actual,,
184,BDCQ.SEA1BA,2013.12,5492,,0,Number,0,Business Data Collection - BDC,Industry by employment variable,Filled jobs,Mining,Actual,,
185,BDCQ.SEA1BA,2014.03,6004,,0,Number,0,Business Data Collection - BDC,Industry by employment variable,Filled jobs,Mining,Actual,,
186,BDCQ.SEA1BA,2014.06,5886,,0,Number,0,Business Data Collection - BDC,Industry by employment variable,Filled jobs,Mining,Actual,,
187,BDCQ.SEA1BA,2014.09,5815,,0,Number,0,Business Data Collection - BDC,Industry by employment variable,Filled jobs,Mining,Actual,,
188,BDCQ.SEA1BA,2014.12,5592,,0,Number,0,Business Data Collection - BDC,Industry by employment variable,Filled jobs,Mining,Actual,,
189,BDCQ.SEA1BA,2015.03,5300,,0,Number,0,Business Data Collection - BDC,Industry by employment variable,Filled jobs,Mining,Actual,,
190,BDCQ.SEA1BA,2015.06,5422,,0,Number,0,Business Data Collection - BDC,Industry by employment variable,Filled jobs,Mining,Actual,,
191,BDCQ.SEA1BA,2015.09,5199,,0,Number,0,Business Data Collection - BDC,Industry by employment variable,Filled jobs,Mining,Actual,,
192,BDCQ.SEA1BA,2015.12,5060,,0,Number,0,Business Data Collection - BDC,Industry by employment variable,Filled jobs,Mining,Actual,,
193,BDCQ.SEA1BA,2016.03,5194,,0,Number,0,Business Data Collection - BDC,Industry by employment variable,Filled jobs,Mining,Actual,,
194,BDCQ.SEA1BA,2016.06,5080,,0,Number,0,Business Data Collection - BDC,Industry by employment variable,Filled jobs,Mining,Actual,,
195,BDCQ.SEA1BA,2016.09,5129,,0,Number,0,Business Data Collection - BDC,Industry by employment variable,Filled jobs,Mining,Actual,,
196,BDCQ.SEA1BA,2016.12,5157,,0,Number,0,Business Data Collection - BDC,Industry by employment variable,Filled jobs,Mining,Actual,,
197,BDCQ.SEA1BA,2017.03,5264,,0,Number,0,Business Data Collection - BDC,Industry by employment variable,Filled jobs,Mining,Actual,,
198,BDCQ.SEA1BA,2017.06,5164,,0,Number,0,Business Data Collection - BDC,Industry by employment variable,Filled jobs,Mining,Actual,,
199,BDCQ.SEA1BA,2017.09,5208,,0,Number,0,Business Data Collection - BDC,Industry by employment variable,Filled jobs,Mining,Actual,,
200,BDCQ.SEA1BA,2017.12,5381,,0,Number,0,Business Data Collection - BDC,Industry by employment variable,Filled jobs,Mining,Actual,,
201,BDCQ.SEA1BA,2018.03,5370,,0,Number,0,Business Data Collection - BDC,Industry by employment variable,Filled jobs,Mining,Actual,,
202,BDCQ.SEA1BA,2018.06,5385,,0,Number,0,Business Data Collection - BDC,Industry by employment variable,Filled jobs,Mining,Actual,,
203,BDCQ.SEA1BA,2018.09,5461,,0,Number,0,Business Data Collection - BDC,Industry by employment variable,Filled jobs,Mining,Actual,,
204,BDCQ.SEA1BA,2018.12,5434,,0,Number,0,Business Data Collection - BDC,Industry by employment variable,Filled jobs,Mining,Actual,,
205,BDCQ.SEA1BA,2019.03,5437,,0,Number,0,Business Data Collection - BDC,Industry by employment variable,Filled jobs,Mining,Actual,,
206,BDCQ.SEA1BA,2019.06,5068,,0,Number,0,Business Data Collection - BDC,Industry by employment variable,Filled jobs,Mining,Actual,,
207,BDCQ.SEA1BA,2019.09,5370,,0,Number,0,Business Data Collection - BDC,Industry by employment variable,Filled jobs,Mining,Actual,,
208,BDCQ.SEA1BA,2019.12,5165,,0,Number,0,Business Data Collection - BDC,Industry by employment variable,Filled jobs,Mining,Actual,,
209,BDCQ.SEA1BA,2020.03,5267,,0,Number,0,Business Data Collection - BDC,Industry by employment variable,Filled jobs,Mining,Actual,,
210,BDCQ.SEA1BA,2020.06,5245,,0,Number,0,Business Data Collection - BDC,Industry by employment variable,Filled jobs,Mining,Actual,,
211,BDCQ.SEA1BA,2020.09,5355,,0,Number,0,Business Data Collection - BDC,Industry by employment variable,Filled jobs,Mining,Actual,,
212,BDCQ.SEA1BA,2020.12,5295,,0,Number,0,Business Data Collection - BDC,Industry by employment variable,Filled jobs,Mining,Actual,,
213,BDCQ.SEA1BA,2021.03,5384,,0,Number,0,Business Data Collection - BDC,Industry by employment variable,Filled jobs,Mining,Actual,,
214,BDCQ.SEA1BA,2021.06,5353,,0,Number,0,Business Data Collection - BDC,Industry by employment variable,Filled jobs,Mining,Actual,,
215,BDCQ.SEA1BA,2021.09,5354,,0,Number,0,Business Data Collection - BDC,Industry by employment variable,Filled jobs,Mining,Actual,,
216,BDCQ.SEA1BA,2021.12,5410,,0,Number,0,Business Data Collection - BDC,Industry by employment variable,Filled jobs,Mining,Actual,,
217,BDCQ.SEA1BA,2022.03,5427,,0,Number,0,Business Data Collection - BDC,Industry by employment variable,Filled jobs,Mining,Actual,,
218,BDCQ.SEA1BA,2022.06,5548,,0,Number,0,Business Data Collection - BDC,Industry by employment variable,Filled jobs,Mining,Actual,,
219,BDCQ.SEA1BA,2022.09,5490,,0,Number,0,Business Data Collection - BDC,Industry by employment variable,Filled jobs,Mining,Actual,,
220,BDCQ.SEA1BA,2022.12,5653,,0,Number,0,Business Data Collection - BDC,Industry by employment variable,Filled jobs,Mining,Actual,,
221,BDCQ.SEA1BA,2023.03,5717,,0,Number,0,Business Data Collection - BDC,Industry by employment variable,Filled jobs,Mining,Actual,,
222,BDCQ.SEA1BA,2023.06,5874,,0,Number,0,Business Data Collection - BDC,Industry by employment variable,Filled jobs,Mining,Actual,,
223,BDCQ.SEA1BA,2023.09,5803,,0,Number,0,Business Data Collection - BDC,Industry by employment variable,Filled jobs,Mining,Actual,,
224,BDCQ.SEA1BA,2023.12,5791,,0,Number,0,Business Data Collection - BDC,Industry by employment variable,Filled jobs,Mining,Actual,,
225,BDCQ.SEA1BA,2024.03,5845,,0,Number,0,Business Data Collection - BDC,Industry by employment variable,Filled jobs,Mining,Actual,,
226,BDCQ.SEA1BA,2024.06,5995,,0,Number,0,Business Data Collection - BDC,Industry by employment variable,Filled jobs,Mining,Actual,,
227,BDCQ.SEA1BA,2024.09,5934,,0,Number,0,Business Data Collection - BDC,Industry by employment variable,Filled jobs,Mining,Actual,,
228,BDCQ.SEA1BA,2024.12,5975,,0,Number,0,Business Data Collection - BDC,Industry by employment variable,Filled jobs,Mining,Actual,,
229,BDCQ.SEA1BA,2025.03,6062,,0,Number,0,Business Data Collection - BDC,Industry by employment variable,Filled jobs,Mining,Actual,,
230,BDCQ.SEA1BA,2025.06,6106,,0,Number,0,Business Data Collection - BDC,Industry by employment variable,Filled jobs,Mining,Actual,,
231,BDCQ.SEA1BA,2025.09,6095,,1,Number,0,Business Data Collection - BDC,Industry by employment variable,Filled jobs,Mining,Actual,,
232,BDCQ.SEA1BS,2011.06,5234,,1,Number,0,Business Data Collection - BDC,Industry by employment variable,Filled jobs,Mining,Seasonally adjusted,,
233,BDCQ.SEA1BS,2011.09,5268,,1,Number,0,Business Data Collection - BDC,Industry by employment variable,Filled jobs,Mining,Seasonally adjusted,,
234,BDCQ.SEA1BS,2011.12,5499,,1,Number,0,Business Data Collection - BDC,Industry by employment variable,Filled jobs,Mining,Seasonally adjusted,,
235,BDCQ.SEA1BS,2012.03,5811,,1,Number,0,Business Data Collection - BDC,Industry by employment variable,Filled jobs,Mining,Seasonally adjusted,,
236,BDCQ.SEA1BS,2012.06,5847,,1,Number,0,Business Data Collection - BDC,Industry by employment variable,Filled jobs,Mining,Seasonally adjusted,,
237,BDCQ.SEA1BS,2012.09,5922,,1,Number,0,Business Data Collection - BDC,Industry by employment variable,Filled jobs,Mining,Seasonally adjusted,,
238,BDCQ.SEA1BS,2012.12,5722,,1,Number,0,Business Data Collection - BDC,Industry by employment variable,Filled jobs,Mining,Seasonally adjusted,,
239,BDCQ.SEA1BS,2013.03,5487,,1,Number,0,Business Data Collection - BDC,Industry by employment variable,Filled jobs,Mining,Seasonally adjusted,,
240,BDCQ.SEA1BS,2013.06,5506,,1,Number,0,Business Data Collection - BDC,Industry by employment variable,Filled jobs,Mining,Seasonally adjusted,,
241,BDCQ.SEA1BS,2013.09,5540,,1,Number,0,Business Data Collection - BDC,Industry by employment variable,Filled jobs,Mining,Seasonally adjusted,,
242,BDCQ.SEA1BS,2013.12,5492,,1,Number,0,Business Data Collection - BDC,Industry by employment variable,Filled jobs,Mining,Seasonally adjusted,,
243,BDCQ.SEA1BS,2014.03,6004,,1,Number,0,Business Data Collection - BDC,Industry by employment variable,Filled jobs,Mining,Seasonally adjusted,,
244,BDCQ.SEA1BS,2014.06,5886,,1,Number,0,Business Data Collection - BDC,Industry by employment variable,Filled jobs,Mining,Seasonally adjusted,,
245,BDCQ.SEA1BS,2014.09,5815,,1,Number,0,Business Data Collection - BDC,Industry by employment variable,Filled jobs,Mining,Seasonally adjusted,,
246,BDCQ.SEA1BS,2014.12,5592,,1,Number,0,Business Data Collection - BDC,Industry by employment variable,Filled jobs,Mining,Seasonally adjusted,,
247,BDCQ.SEA1BS,2015.03,5300,,1,Number,0,Business Data Collection - BDC,Industry by employment variable,Filled jobs,Mining,Seasonally adjusted,,
248,BDCQ.SEA1BS,2015.06,5422,,1,Number,0,Business Data Collection - BDC,Industry by employment variable,Filled jobs,Mining,Seasonally adjusted,,
249,BDCQ.SEA1BS,2015.09,5199,,1,Number,0,Business Data Collection - BDC,Industry by employment variable,Filled jobs,Mining,Seasonally adjusted,,
250,BDCQ.SEA1BS,2015.12,5060,,1,Number,0,Business Data Collection - BDC,Industry by employment variable,Filled jobs,Mining,Seasonally adjusted,,
251,BDCQ.SEA1BS,2016.03,5194,,1,Number,0,Business Data Collection - BDC,Industry by employment variable,Filled jobs,Mining,Seasonally adjusted,,
252,BDCQ.SEA1BS,2016.06,5080,,1,Number,0,Business Data Collection - BDC,Industry by employment variable,Filled jobs,Mining,Seasonally adjusted,,
253,BDCQ.SEA1BS,2016.09,5129,,1,Number,0,Business Data Collection - BDC,Industry by employment variable,Filled jobs,Mining,Seasonally adjusted,,
254,BDCQ.SEA1BS,2016.12,5157,,1,Number,0,Business Data Collection - BDC,Industry by employment variable,Filled jobs,Mining,Seasonally adjusted,,
255,BDCQ.SEA1BS,2017.03,5264,,1,Number,0,Business Data Collection - BDC,Industry by employment variable,Filled jobs,Mining,Seasonally adjusted,,
256,BDCQ.SEA1BS,2017.06,5164,,1,Number,0,Business Data Collection - BDC,Industry by employment variable,Filled jobs,Mining,Seasonally adjusted,,
257,BDCQ.SEA1BS,2017.09,5208,,1,Number,0,Business Data Collection - BDC,Industry by employment variable,Filled jobs,Mining,Seasonally adjusted,,
258,BDCQ.SEA1BS,2017.12,5381,,1,Number,0,Business Data Collection - BDC,Industry by employment variable,Filled jobs,Mining,Seasonally adjusted,,
259,BDCQ.SEA1BS,2018.03,5370,,1,Number,0,Business Data Collection - BDC,Industry by employment variable,Filled jobs,Mining,Seasonally adjusted,,
260,BDCQ.SEA1BS,2018.06,5385,,1,Number,0,Business Data Collection - BDC,Industry by employment variable,Filled jobs,Mining,Seasonally adjusted,,
261,BDCQ.SEA1BS,2018.09,5461,,1,Number,0,Business Data Collection - BDC,Industry by employment variable,Filled jobs,Mining,Seasonally adjusted,,
262,BDCQ.SEA1BS,2018.12,5434,,1,Number,0,Business Data Collection - BDC,Industry by employment variable,Filled jobs,Mining,Seasonally adjusted,,
263,BDCQ.SEA1BS,2019.03,5437,,1,Number,0,Business Data Collection - BDC,Industry by employment variable,Filled jobs,Mining,Seasonally adjusted,,
264,BDCQ.SEA1BS,2019.06,5068,,1,Number,0,Business Data Collection - BDC,Industry by employment variable,Filled jobs,Mining,Seasonally adjusted,,
265,BDCQ.SEA1BS,2019.09,5370,,1,Number,0,Business Data Collection - BDC,Industry by employment variable,Filled jobs,Mining,Seasonally adjusted,,
266,BDCQ.SEA1BS,2019.12,5165,,1,Number,0,Business Data Collection - BDC,Industry by employment variable,Filled jobs,Mining,Seasonally adjusted,,
267,BDCQ.SEA1BS,2020.03,5267,,1,Number,0,Business Data Collection - BDC,Industry by employment variable,Filled jobs,Mining,Seasonally adjusted,,
268,BDCQ.SEA1BS,2020.06,5245,,1,Number,0,Business Data Collection - BDC,Industry by employment variable,Filled jobs,Mining,Seasonally adjusted,,
269,BDCQ.SEA1BS,2020.09,5355,,1,Number,0,Business Data Collection - BDC,Industry by employment variable,Filled jobs,Mining,Seasonally adjusted,,
270,BDCQ.SEA1BS,2020.12,5295,,1,Number,0,Business Data Collection - BDC,Industry by employment variable,Filled jobs,Mining,Seasonally adjusted,,
271,BDCQ.SEA1BS,2021.03,5384,,1,Number,0,Business Data Collection - BDC,Industry by employment variable,Filled jobs,Mining,Seasonally adjusted,,
272,BDCQ.SEA1BS,2021.06,5353,,1,Number,0,Business Data Collection - BDC,Industry by employment variable,Filled jobs,Mining,Seasonally adjusted,,
273,BDCQ.SEA1BS,2021.09,5354,,1,Number,0,Business Data Collection - BDC,Industry by employment variable,Filled jobs,Mining,Seasonally adjusted,,
274,BDCQ.SEA1BS,2021.12,5410,,1,Number,0,Business Data Collection - BDC,Industry by employment variable,Filled jobs,Mining,Seasonally adjusted,,
275,BDCQ.SEA1BS,2022.03,5427,,1,Number,0,Business Data Collection - BDC,Industry by employment variable,Filled jobs,Mining,Seasonally adjusted,,
276,BDCQ.SEA1BS,2022.06,5548,,1,Number,0,Business Data Collection - BDC,Industry by employment variable,Filled jobs,Mining,Seasonally adjusted,,
277,BDCQ.SEA1BS,2022.09,5490,,1,Number,0,Business Data Collection - BDC,Industry by employment variable,Filled jobs,Mining,Seasonally adjusted,,
278,BDCQ.SEA1BS,2022.12,5653,,1,Number,0,Business Data Collection - BDC,Industry by employment variable,Filled jobs,Mining,Seasonally adjusted,,
279,BDCQ.SEA1BS,2023.03,5717,,1,Number,0,Business Data Collection - BDC,Industry by employment variable,Filled jobs,Mining,Seasonally adjusted,,
280,BDCQ.SEA1BS,2023.06,5874,,1,Number,0,Business Data Collection - BDC,Industry by employment variable,Filled jobs,Mining,Seasonally adjusted,,
281,BDCQ.SEA1BS,2023.09,5803,,1,Number,0,Business Data Collection - BDC,Industry by employment variable,Filled jobs,Mining,Seasonally adjusted,,
282,BDCQ.SEA1BS,2023.12,5791,,1,Number,0,Business Data Collection - BDC,Industry by employment variable,Filled jobs,Mining,Seasonally adjusted,,
283,BDCQ.SEA1BS,2024.03,5845,,1,Number,0,Business Data Collection - BDC,Industry by employment variable,Filled jobs,Mining,Seasonally adjusted,,
284,BDCQ.SEA1BS,2024.06,5995,,1,Number,0,Business Data Collection - BDC,Industry by employment variable,Filled jobs,Mining,Seasonally adjusted,,
285,BDCQ.SEA1BS,2024.09,5934,,1,Number,0,Business Data Collection - BDC,Industry by employment variable,Filled jobs,Mining,Seasonally adjusted,,
286,BDCQ.SEA1BS,2024.12,5975,,1,Number,0,Business Data Collection - BDC,Industry by employment variable,Filled jobs,Mining,Seasonally adjusted,,
287,BDCQ.SEA1BS,2025.03,6062,,1,Number,0,Business Data Collection - BDC,Industry by employment variable,Filled jobs,Mining,Seasonally adjusted,,
288,BDCQ.SEA1BS,2025.06,6106,,1,Number,0,Business Data Collection - BDC,Industry by employment variable,Filled jobs,Mining,Seasonally adjusted,,
289,BDCQ.SEA1BS,2025.09,6095,,0,Number,0,Business Data Collection - BDC,Industry by employment variable,Filled jobs,Mining,Seasonally adjusted,,
290,BDCQ.SEA1BT,2011.06,5198,,1,Number,0,Business Data Collection - BDC,Industry by employment variable,Filled jobs,Mining,Trend,,
291,BDCQ.SEA1BT,2011.09,5309,,1,Number,0,Business Data Collection - BDC,Industry by employment variable,Filled jobs,Mining,Trend,,
292,BDCQ.SEA1BT,2011.12,5517,,1,Number,0,Business Data Collection - BDC,Industry by employment variable,Filled jobs,Mining,Trend,,
293,BDCQ.SEA1BT,2012.03,5761,,1,Number,0,Business Data Collection - BDC,Industry by employment variable,Filled jobs,Mining,Trend,,
294,BDCQ.SEA1BT,2012.06,5893,,1,Number,0,Business Data Collection - BDC,Industry by employment variable,Filled jobs,Mining,Trend,,
295,BDCQ.SEA1BT,2012.09,5881,,1,Number,0,Business Data Collection - BDC,Industry by employment variable,Filled jobs,Mining,Trend,,
296,BDCQ.SEA1BT,2012.12,5718,,1,Number,0,Business Data Collection - BDC,Industry by employment variable,Filled jobs,Mining,Trend,,
297,BDCQ.SEA1BT,2013.03,5526,,1,Number,0,Business Data Collection - BDC,Industry by employment variable,Filled jobs,Mining,Trend,,
298,BDCQ.SEA1BT,2013.06,5494,,1,Number,0,Business Data Collection - BDC,Industry by employment variable,Filled jobs,Mining,Trend,,
299,BDCQ.SEA1BT,2013.09,5492,,1,Number,0,Business Data Collection - BDC,Industry by employment variable,Filled jobs,Mining,Trend,,
300,BDCQ.SEA1BT,2013.12,5637,,1,Number,0,Business Data Collection - BDC,Industry by employment variable,Filled jobs,Mining,Trend,,
301,BDCQ.SEA1BT,2014.03,5873,,1,Number,0,Business Data Collection - BDC,Industry by employment variable,Filled jobs,Mining,Trend,,
302,BDCQ.SEA1BT,2014.06,5949,,1,Number,0,Business Data Collection - BDC,Industry by employment variable,Filled jobs,Mining,Trend,,
303,BDCQ.SEA1BT,2014.09,5790,,1,Number,0,Business Data Collection - BDC,Industry by employment variable,Filled jobs,Mining,Trend,,
304,BDCQ.SEA1BT,2014.12,5580,,1,Number,0,Business Data Collection - BDC,Industry by employment variable,Filled jobs,Mining,Trend,,
305,BDCQ.SEA1BT,2015.03,5425,,1,Number,0,Business Data Collection - BDC,Industry by employment variable,Filled jobs,Mining,Trend,,
306,BDCQ.SEA1BT,2015.06,5352,,1,Number,0,Business Data Collection - BDC,Industry by employment variable,Filled jobs,Mining,Trend,,
307,BDCQ.SEA1BT,2015.09,5212,,1,Number,0,Business Data Collection - BDC,Industry by employment variable,Filled jobs,Mining,Trend,,
308,BDCQ.SEA1BT,2015.12,5112,,1,Number,0,Business Data Collection - BDC,Industry by employment variable,Filled jobs,Mining,Trend,,
309,BDCQ.SEA1BT,2016.03,5126,,1,Number,0,Business Data Collection - BDC,Industry by employment variable,Filled jobs,Mining,Trend,,
310,BDCQ.SEA1BT,2016.06,5124,,1,Number,0,Business Data Collection - BDC,Industry by employment variable,Filled jobs,Mining,Trend,,
311,BDCQ.SEA1BT,2016.09,5108,,1,Number,0,Business Data Collection - BDC,Industry by employment variable,Filled jobs,Mining,Trend,,
312,BDCQ.SEA1BT,2016.12,5185,,1,Number,0,Business Data Collection - BDC,Industry by employment variable,Filled jobs,Mining,Trend,,
313,BDCQ.SEA1BT,2017.03,5217,,1,Number,0,Business Data Collection - BDC,Industry by employment variable,Filled jobs,Mining,Trend,,
314,BDCQ.SEA1BT,2017.06,5191,,1,Number,0,Business Data Collection - BDC,Industry by employment variable,Filled jobs,Mining,Trend,,
315,BDCQ.SEA1BT,2017.09,5230,,1,Number,0,Business Data Collection - BDC,Industry by employment variable,Filled jobs,Mining,Trend,,
316,BDCQ.SEA1BT,2017.12,5343,,1,Number,0,Business Data Collection - BDC,Industry by employment variable,Filled jobs,Mining,Trend,,
317,BDCQ.SEA1BT,2018.03,5383,,1,Number,0,Business Data Collection - BDC,Industry by employment variable,Filled jobs,Mining,Trend,,
318,BDCQ.SEA1BT,2018.06,5400,,1,Number,0,Business Data Collection - BDC,Industry by employment variable,Filled jobs,Mining,Trend,,
319,BDCQ.SEA1BT,2018.09,5439,,1,Number,0,Business Data Collection - BDC,Industry by employment variable,Filled jobs,Mining,Trend,,
320,BDCQ.SEA1BT,2018.12,5461,,1,Number,0,Business Data Collection - BDC,Industry by employment variable,Filled jobs,Mining,Trend,,
321,BDCQ.SEA1BT,2019.03,5391,,1,Number,0,Business Data Collection - BDC,Industry by employment variable,Filled jobs,Mining,Trend,,
322,BDCQ.SEA1BT,2019.06,5282,,1,Number,0,Business Data Collection - BDC,Industry by employment variable,Filled jobs,Mining,Trend,,
323,BDCQ.SEA1BT,2019.09,5191,,1,Number,0,Business Data Collection - BDC,Industry by employment variable,Filled jobs,Mining,Trend,,
324,BDCQ.SEA1BT,2019.12,5201,,1,Number,0,Business Data Collection - BDC,Industry by employment variable,Filled jobs,Mining,Trend,,
325,BDCQ.SEA1BT,2020.03,5228,,1,Number,0,Business Data Collection - BDC,Industry by employment variable,Filled jobs,Mining,Trend,,
326,BDCQ.SEA1BT,2020.06,5286,,1,Number,0,Business Data Collection - BDC,Industry by employment variable,Filled jobs,Mining,Trend,,
327,BDCQ.SEA1BT,2020.09,5309,,1,Number,0,Business Data Collection - BDC,Industry by employment variable,Filled jobs,Mining,Trend,,
328,BDCQ.SEA1BT,2020.12,5338,,1,Number,0,Business Data Collection - BDC,Industry by employment variable,Filled jobs,Mining,Trend,,
329,BDCQ.SEA1BT,2021.03,5353,,1,Number,0,Business Data Collection - BDC,Industry by employment variable,Filled jobs,Mining,Trend,,
330,BDCQ.SEA1BT,2021.06,5363,,1,Number,0,Business Data Collection - BDC,Industry by employment variable,Filled jobs,Mining,Trend,,
331,BDCQ.SEA1BT,2021.09,5363,,1,Number,0,Business Data Collection - BDC,Industry by employment variable,Filled jobs,Mining,Trend,,
332,BDCQ.SEA1BT,2021.12,5393,,1,Number,0,Business Data Collection - BDC,Industry by employment variable,Filled jobs,Mining,Trend,,
333,BDCQ.SEA1BT,2022.03,5458,,1,Number,0,Business Data Collection - BDC,Industry by employment variable,Filled jobs,Mining,Trend,,
334,BDCQ.SEA1BT,2022.06,5501,,1,Number,0,Business Data Collection - BDC,Industry by employment variable,Filled jobs,Mining,Trend,,
335,BDCQ.SEA1BT,2022.09,5549,,1,Number,0,Business Data Collection - BDC,Industry by employment variable,Filled jobs,Mining,Trend,,
336,BDCQ.SEA1BT,2022.12,5619,,1,Number,0,Business Data Collection - BDC,Industry by employment variable,Filled jobs,Mining,Trend,,
337,BDCQ.SEA1BT,2023.03,5754,,1,Number,0,Business Data Collection - BDC,Industry by employment variable,Filled jobs,Mining,Trend,,
338,BDCQ.SEA1BT,2023.06,5830,,1,Number,0,Business Data Collection - BDC,Industry by employment variable,Filled jobs,Mining,Trend,,
339,BDCQ.SEA1BT,2023.09,5824,,1,Number,0,Business Data Collection - BDC,Industry by employment variable,Filled jobs,Mining,Trend,,
340,BDCQ.SEA1BT,2023.12,5789,,1,Number,0,Business Data Collection - BDC,Industry by employment variable,Filled jobs,Mining,Trend,,
341,BDCQ.SEA1BT,2024.03,5870,,1,Number,0,Business Data Collection - BDC,Industry by employment variable,Filled jobs,Mining,Trend,,
342,BDCQ.SEA1BT,2024.06,5950,,1,Number,0,Business Data Collection - BDC,Industry by employment variable,Filled jobs,Mining,Trend,,
343,BDCQ.SEA1BT,2024.09,5961,,1,Number,0,Business Data Collection - BDC,Industry by employment variable,Filled jobs,Mining,Trend,,
344,BDCQ.SEA1BT,2024.12,5977,,1,Number,0,Business Data Collection - BDC,Industry by employment variable,Filled jobs,Mining,Trend,,
345,BDCQ.SEA1BT,2025.03,6056,,1,Number,0,Business Data Collection - BDC,Industry by employment variable,Filled jobs,Mining,Trend,,
346,BDCQ.SEA1BT,2025.06,6101,,1,Number,0,Business Data Collection - BDC,Industry by employment variable,Filled jobs,Mining,Trend,,
347,BDCQ.SEA1BT,2025.09,6092,,0,Number,0,Business Data Collection - BDC,Industry by employment variable,Filled jobs,Mining,Trend,,
348,BDCQ.SEA1CA,2011.06,206633,,0,Number,0,Business Data Collection - BDC,Industry by employment variable,Filled jobs,Manufacturing,Actual,,
349,BDCQ.SEA1CA,2011.09,200677,,0,Number,0,Business Data Collection - BDC,Industry by employment variable,Filled jobs,Manufacturing,Actual,,
350,BDCQ.SEA1CA,2011.12,204217,,0,Number,0,Business Data Collection - BDC,Industry by employment variable,Filled jobs,Manufacturing,Actual,,
351,BDCQ.SEA1CA,2012.03,208617,,0,Number,0,Business Data Collection - BDC,Industry by employment variable,Filled jobs,Manufacturing,Actual,,
352,BDCQ.SEA1CA,2012.06,206645,,0,Number,0,Business Data Collection - BDC,Industry by employment variable,Filled jobs,Manufacturing,Actual,,
353,BDCQ.SEA1CA,2012.09,199425,,0,Number,0,Business Data Collection - BDC,Industry by employment variable,Filled jobs,Manufacturing,Actual,,
354,BDCQ.SEA1CA,2012.12,203691,,0,Number,0,Business Data Collection - BDC,Industry by employment variable,Filled jobs,Manufacturing,Actual,,
355,BDCQ.SEA1CA,2013.03,208709,,0,Number,0,Business Data Collection - BDC,Industry by employment variable,Filled jobs,Manufacturing,Actual,,
356,BDCQ.SEA1CA,2013.06,205207,,0,Number,0,Business Data Collection - BDC,Industry by employment variable,Filled jobs,Manufacturing,Actual,,
357,BDCQ.SEA1CA,2013.09,201457,,0,Number,0,Business Data Collection - BDC,Industry by employment variable,Filled jobs,Manufacturing,Actual,,
358,BDCQ.SEA1CA,2013.12,207492,,0,Number,0,Business Data Collection - BDC,Industry by employment variable,Filled jobs,Manufacturing,Actual,,
359,BDCQ.SEA1CA,2014.03,211991,,0,Number,0,Business Data Collection - BDC,Industry by employment variable,Filled jobs,Manufacturing,Actual,,
360,BDCQ.SEA1CA,2014.06,210124,,0,Number,0,Business Data Collection - BDC,Industry by employment variable,Filled jobs,Manufacturing,Actual,,
361,BDCQ.SEA1CA,2014.09,205440,,0,Number,0,Business Data Collection - BDC,Industry by employment variable,Filled jobs,Manufacturing,Actual,,
362,BDCQ.SEA1CA,2014.12,207594,,0,Number,0,Business Data Collection - BDC,Industry by employment variable,Filled jobs,Manufacturing,Actual,,
363,BDCQ.SEA1CA,2015.03,214158,,0,Number,0,Business Data Collection - BDC,Industry by employment variable,Filled jobs,Manufacturing,Actual,,
364,BDCQ.SEA1CA,2015.06,212246,,0,Number,0,Business Data Collection - BDC,Industry by employment variable,Filled jobs,Manufacturing,Actual,,
365,BDCQ.SEA1CA,2015.09,207462,,0,Number,0,Business Data Collection - BDC,Industry by employment variable,Filled jobs,Manufacturing,Actual,,
366,BDCQ.SEA1CA,2015.12,211402,,0,Number,0,Business Data Collection - BDC,Industry by employment variable,Filled jobs,Manufacturing,Actual,,
367,BDCQ.SEA1CA,2016.03,216597,,0,Number,0,Business Data Collection - BDC,Industry by employment variable,Filled jobs,Manufacturing,Actual,,
368,BDCQ.SEA1CA,2016.06,214710,,0,Number,0,Business Data Collection - BDC,Industry by employment variable,Filled jobs,Manufacturing,Actual,,
369,BDCQ.SEA1CA,2016.09,209854,,0,Number,0,Business Data Collection - BDC,Industry by employment variable,Filled jobs,Manufacturing,Actual,,
370,BDCQ.SEA1CA,2016.12,215317,,0,Number,0,Business Data Collection - BDC,Industry by employment variable,Filled jobs,Manufacturing,Actual,,
371,BDCQ.SEA1CA,2017.03,219090,,0,Number,0,Business Data Collection - BDC,Industry by employment variable,Filled jobs,Manufacturing,Actual,,
372,BDCQ.SEA1CA,2017.06,219130,,0,Number,0,Business Data Collection - BDC,Industry by employment variable,Filled jobs,Manufacturing,Actual,,
373,BDCQ.SEA1CA,2017.09,213648,,0,Number,0,Business Data Collection - BDC,Industry by employment variable,Filled jobs,Manufacturing,Actual,,
374,BDCQ.SEA1CA,2017.12,220066,,0,Number,0,Business Data Collection - BDC,Industry by employment variable,Filled jobs,Manufacturing,Actual,,
375,BDCQ.SEA1CA,2018.03,225445,,0,Number,0,Business Data Collection - BDC,Industry by employment variable,Filled jobs,Manufacturing,Actual,,
376,BDCQ.SEA1CA,2018.06,224308,,0,Number,0,Business Data Collection - BDC,Industry by employment variable,Filled jobs,Manufacturing,Actual,,
377,BDCQ.SEA1CA,2018.09,218059,,0,Number,0,Business Data Collection - BDC,Industry by employment variable,Filled jobs,Manufacturing,Actual,,
378,BDCQ.SEA1CA,2018.12,223667,,0,Number,0,Business Data Collection - BDC,Industry by employment variable,Filled jobs,Manufacturing,Actual,,
379,BDCQ.SEA1CA,2019.03,227931,,0,Number,0,Business Data Collection - BDC,Industry by employment variable,Filled jobs,Manufacturing,Actual,,
380,BDCQ.SEA1CA,2019.06,225492,,0,Number,0,Business Data Collection - BDC,Industry by employment variable,Filled jobs,Manufacturing,Actual,,
381,BDCQ.SEA1CA,2019.09,219991,,0,Number,0,Business Data Collection - BDC,Industry by employment variable,Filled jobs,Manufacturing,Actual,,
382,BDCQ.SEA1CA,2019.12,227095,,0,Number,0,Business Data Collection - BDC,Industry by employment variable,Filled jobs,Manufacturing,Actual,,
383,BDCQ.SEA1CA,2020.03,228672,,0,Number,0,Business Data Collection - BDC,Industry by employment variable,Filled jobs,Manufacturing,Actual,,
384,BDCQ.SEA1CA,2020.06,224825,,0,Number,0,Business Data Collection - BDC,Industry by employment variable,Filled jobs,Manufacturing,Actual,,
385,BDCQ.SEA1CA,2020.09,218967,,0,Number,0,Business Data Collection - BDC,Industry by employment variable,Filled jobs,Manufacturing,Actual,,
386,BDCQ.SEA1CA,2020.12,222691,,0,Number,0,Business Data Collection - BDC,Industry by employment variable,Filled jobs,Manufacturing,Actual,,
387,BDCQ.SEA1CA,2021.03,223355,,0,Number,0,Business Data Collection - BDC,Industry by employment variable,Filled jobs,Manufacturing,Actual,,
388,BDCQ.SEA1CA,2021.06,224296,,0,Number,0,Business Data Collection - BDC,Industry by employment variable,Filled jobs,Manufacturing,Actual,,
389,BDCQ.SEA1CA,2021.09,221282,,0,Number,0,Business Data Collection - BDC,Industry by employment variable,Filled jobs,Manufacturing,Actual,,
390,BDCQ.SEA1CA,2021.12,226109,,0,Number,0,Business Data Collection - BDC,Industry by employment variable,Filled jobs,Manufacturing,Actual,,
391,BDCQ.SEA1CA,2022.03,228608,,0,Number,0,Business Data Collection - BDC,Industry by employment variable,Filled jobs,Manufacturing,Actual,,
392,BDCQ.SEA1CA,2022.06,226870,,0,Number,0,Business Data Collection - BDC,Industry by employment variable,Filled jobs,Manufacturing,Actual,,
393,BDCQ.SEA1CA,2022.09,224994,,0,Number,0,Business Data Collection - BDC,Industry by employment variable,Filled jobs,Manufacturing,Actual,,
394,BDCQ.SEA1CA,2022.12,229708,,0,Number,0,Business Data Collection - BDC,Industry by employment variable,Filled jobs,Manufacturing,Actual,,
395,BDCQ.SEA1CA,2023.03,232496,,0,Number,0,Business Data Collection - BDC,Industry by employment variable,Filled jobs,Manufacturing,Actual,,
396,BDCQ.SEA1CA,2023.06,232854,,0,Number,0,Business Data Collection - BDC,Industry by employment variable,Filled jobs,Manufacturing,Actual,,
397,BDCQ.SEA1CA,2023.09,228332,,0,Number,0,Business Data Collection - BDC,Industry by employment variable,Filled jobs,Manufacturing,Actual,,
398,BDCQ.SEA1CA,2023.12,230027,,0,Number,0,Business Data Collection - BDC,Industry by employment variable,Filled jobs,Manufacturing,Actual,,
399,BDCQ.SEA1CA,2024.03,230122,,0,Number,0,Business Data Collection - BDC,Industry by employment variable,Filled jobs,Manufacturing,Actual,,
400,BDCQ.SEA1CA,2024.06,228544,,0,Number,0,Business Data Collection - BDC,Industry by employment variable,Filled jobs,Manufacturing,Actual,,
401,BDCQ.SEA1CA,2024.09,221901,,0,Number,0,Business Data Collection - BDC,Industry by employment variable,Filled jobs,Manufacturing,Actual,,
402,BDCQ.SEA1CA,2024.12,223554,,0,Number,0,Business Data Collection - BDC,Industry by employment variable,Filled jobs,Manufacturing,Actual,,
403,BDCQ.SEA1CA,2025.03,223911,,0,Number,0,Business Data Collection - BDC,Industry by employment variable,Filled jobs,Manufacturing,Actual,,
404,BDCQ.SEA1CA,2025.06,222420,,0,Number,0,Business Data Collection - BDC,Industry by employment variable,Filled jobs,Manufacturing,Actual,,
405,BDCQ.SEA1CA,2025.09,216393,,1,Number,0,Business Data Collection - BDC,Industry by employment variable,Filled jobs,Manufacturing,Actual,,
406,BDCQ.SEA1CS,2011.06,205546,,1,Number,0,Business Data Collection - BDC,Industry by employment variable,Filled jobs,Manufacturing,Seasonally adjusted,,
407,BDCQ.SEA1CS,2011.09,205226,,1,Number,0,Business Data Collection - BDC,Industry by employment variable,Filled jobs,Manufacturing,Seasonally adjusted,,
408,BDCQ.SEA1CS,2011.12,204628,,1,Number,0,Business Data Collection - BDC,Industry by employment variable,Filled jobs,Manufacturing,Seasonally adjusted,,
409,BDCQ.SEA1CS,2012.03,204756,,1,Number,0,Business Data Collection - BDC,Industry by employment variable,Filled jobs,Manufacturing,Seasonally adjusted,,
410,BDCQ.SEA1CS,2012.06,205574,,1,Number,0,Business Data Collection - BDC,Industry by employment variable,Filled jobs,Manufacturing,Seasonally adjusted,,
411,BDCQ.SEA1CS,2012.09,203885,,1,Number,0,Business Data Collection - BDC,Industry by employment variable,Filled jobs,Manufacturing,Seasonally adjusted,,
412,BDCQ.SEA1CS,2012.12,204141,,1,Number,0,Business Data Collection - BDC,Industry by employment variable,Filled jobs,Manufacturing,Seasonally adjusted,,
413,BDCQ.SEA1CS,2013.03,204864,,1,Number,0,Business Data Collection - BDC,Industry by employment variable,Filled jobs,Manufacturing,Seasonally adjusted,,
414,BDCQ.SEA1CS,2013.06,204151,,1,Number,0,Business Data Collection - BDC,Industry by employment variable,Filled jobs,Manufacturing,Seasonally adjusted,,
415,BDCQ.SEA1CS,2013.09,205897,,1,Number,0,Business Data Collection - BDC,Industry by employment variable,Filled jobs,Manufacturing,Seasonally adjusted,,
416,BDCQ.SEA1CS,2013.12,207953,,1,Number,0,Business Data Collection - BDC,Industry by employment variable,Filled jobs,Manufacturing,Seasonally adjusted,,
417,BDCQ.SEA1CS,2014.03,208158,,1,Number,0,Business Data Collection - BDC,Industry by employment variable,Filled jobs,Manufacturing,Seasonally adjusted,,
418,BDCQ.SEA1CS,2014.06,209034,,1,Number,0,Business Data Collection - BDC,Industry by employment variable,Filled jobs,Manufacturing,Seasonally adjusted,,
419,BDCQ.SEA1CS,2014.09,209916,,1,Number,0,Business Data Collection - BDC,Industry by employment variable,Filled jobs,Manufacturing,Seasonally adjusted,,
420,BDCQ.SEA1CS,2014.12,208006,,1,Number,0,Business Data Collection - BDC,Industry by employment variable,Filled jobs,Manufacturing,Seasonally adjusted,,
421,BDCQ.SEA1CS,2015.03,210421,,1,Number,0,Business Data Collection - BDC,Industry by employment variable,Filled jobs,Manufacturing,Seasonally adjusted,,
422,BDCQ.SEA1CS,2015.06,211082,,1,Number,0,Business Data Collection - BDC,Industry by employment variable,Filled jobs,Manufacturing,Seasonally adjusted,,
423,BDCQ.SEA1CS,2015.09,211979,,1,Number,0,Business Data Collection - BDC,Industry by employment variable,Filled jobs,Manufacturing,Seasonally adjusted,,
424,BDCQ.SEA1CS,2015.12,211741,,1,Number,0,Business Data Collection - BDC,Industry by employment variable,Filled jobs,Manufacturing,Seasonally adjusted,,
425,BDCQ.SEA1CS,2016.03,212944,,1,Number,0,Business Data Collection - BDC,Industry by employment variable,Filled jobs,Manufacturing,Seasonally adjusted,,
426,BDCQ.SEA1CS,2016.06,213484,,1,Number,0,Business Data Collection - BDC,Industry by employment variable,Filled jobs,Manufacturing,Seasonally adjusted,,
427,BDCQ.SEA1CS,2016.09,214478,,1,Number,0,Business Data Collection - BDC,Industry by employment variable,Filled jobs,Manufacturing,Seasonally adjusted,,
428,BDCQ.SEA1CS,2016.12,215490,,1,Number,0,Business Data Collection - BDC,Industry by employment variable,Filled jobs,Manufacturing,Seasonally adjusted,,
429,BDCQ.SEA1CS,2017.03,215540,,1,Number,0,Business Data Collection - BDC,Industry by employment variable,Filled jobs,Manufacturing,Seasonally adjusted,,
430,BDCQ.SEA1CS,2017.06,217882,,1,Number,0,Business Data Collection - BDC,Industry by employment variable,Filled jobs,Manufacturing,Seasonally adjusted,,
431,BDCQ.SEA1CS,2017.09,218401,,1,Number,0,Business Data Collection - BDC,Industry by employment variable,Filled jobs,Manufacturing,Seasonally adjusted,,
432,BDCQ.SEA1CS,2017.12,219976,,1,Number,0,Business Data Collection - BDC,Industry by employment variable,Filled jobs,Manufacturing,Seasonally adjusted,,
433,BDCQ.SEA1CS,2018.03,222018,,1,Number,0,Business Data Collection - BDC,Industry by employment variable,Filled jobs,Manufacturing,Seasonally adjusted,,
434,BDCQ.SEA1CS,2018.06,223098,,1,Number,0,Business Data Collection - BDC,Industry by employment variable,Filled jobs,Manufacturing,Seasonally adjusted,,
435,BDCQ.SEA1CS,2018.09,222846,,1,Number,0,Business Data Collection - BDC,Industry by employment variable,Filled jobs,Manufacturing,Seasonally adjusted,,
436,BDCQ.SEA1CS,2018.12,223295,,1,Number,0,Business Data Collection - BDC,Industry by employment variable,Filled jobs,Manufacturing,Seasonally adjusted,,
437,BDCQ.SEA1CS,2019.03,224753,,1,Number,0,Business Data Collection - BDC,Industry by employment variable,Filled jobs,Manufacturing,Seasonally adjusted,,
438,BDCQ.SEA1CS,2019.06,224424,,1,Number,0,Business Data Collection - BDC,Industry by employment variable,Filled jobs,Manufacturing,Seasonally adjusted,,
439,BDCQ.SEA1CS,2019.09,224542,,1,Number,0,Business Data Collection - BDC,Industry by employment variable,Filled jobs,Manufacturing,Seasonally adjusted,,
440,BDCQ.SEA1CS,2019.12,226550,,1,Number,0,Business Data Collection - BDC,Industry by employment variable,Filled jobs,Manufacturing,Seasonally adjusted,,
441,BDCQ.SEA1CS,2020.03,225832,,1,Number,0,Business Data Collection - BDC,Industry by employment variable,Filled jobs,Manufacturing,Seasonally adjusted,,
442,BDCQ.SEA1CS,2020.06,223876,,1,Number,0,Business Data Collection - BDC,Industry by employment variable,Filled jobs,Manufacturing,Seasonally adjusted,,
443,BDCQ.SEA1CS,2020.09,223094,,1,Number,0,Business Data Collection - BDC,Industry by employment variable,Filled jobs,Manufacturing,Seasonally adjusted,,
444,BDCQ.SEA1CS,2020.12,222124,,1,Number,0,Business Data Collection - BDC,Industry by employment variable,Filled jobs,Manufacturing,Seasonally adjusted,,
445,BDCQ.SEA1CS,2021.03,220918,,1,Number,0,Business Data Collection - BDC,Industry by employment variable,Filled jobs,Manufacturing,Seasonally adjusted,,
446,BDCQ.SEA1CS,2021.06,223407,,1,Number,0,Business Data Collection - BDC,Industry by employment variable,Filled jobs,Manufacturing,Seasonally adjusted,,
447,BDCQ.SEA1CS,2021.09,225011,,1,Number,0,Business Data Collection - BDC,Industry by employment variable,Filled jobs,Manufacturing,Seasonally adjusted,,
448,BDCQ.SEA1CS,2021.12,225606,,1,Number,0,Business Data Collection - BDC,Industry by employment variable,Filled jobs,Manufacturing,Seasonally adjusted,,
449,BDCQ.SEA1CS,2022.03,226487,,1,Number,0,Business Data Collection - BDC,Industry by employment variable,Filled jobs,Manufacturing,Seasonally adjusted,,
450,BDCQ.SEA1CS,2022.06,225856,,1,Number,0,Business Data Collection - BDC,Industry by employment variable,Filled jobs,Manufacturing,Seasonally adjusted,,
451,BDCQ.SEA1CS,2022.09,228447,,1,Number,0,Business Data Collection - BDC,Industry by employment variable,Filled jobs,Manufacturing,Seasonally adjusted,,
452,BDCQ.SEA1CS,2022.12,229364,,1,Number,0,Business Data Collection - BDC,Industry by employment variable,Filled jobs,Manufacturing,Seasonally adjusted,,
453,BDCQ.SEA1CS,2023.03,230581,,1,Number,0,Business Data Collection - BDC,Industry by employment variable,Filled jobs,Manufacturing,Seasonally adjusted,,
454,BDCQ.SEA1CS,2023.06,231653,,1,Number,0,Business Data Collection - BDC,Industry by employment variable,Filled jobs,Manufacturing,Seasonally adjusted,,
455,BDCQ.SEA1CS,2023.09,231631,,1,Number,0,Business Data Collection - BDC,Industry by employment variable,Filled jobs,Manufacturing,Seasonally adjusted,,
456,BDCQ.SEA1CS,2023.12,229863,,1,Number,0,Business Data Collection - BDC,Industry by employment variable,Filled jobs,Manufacturing,Seasonally adjusted,,
457,BDCQ.SEA1CS,2024.03,228353,,1,Number,0,Business Data Collection - BDC,Industry by employment variable,Filled jobs,Manufacturing,Seasonally adjusted,,
458,BDCQ.SEA1CS,2024.06,227194,,1,Number,0,Business Data Collection - BDC,Industry by employment variable,Filled jobs,Manufacturing,Seasonally adjusted,,
459,BDCQ.SEA1CS,2024.09,225056,,1,Number,0,Business Data Collection - BDC,Industry by employment variable,Filled jobs,Manufacturing,Seasonally adjusted,,
460,BDCQ.SEA1CS,2024.12,223508,,1,Number,0,Business Data Collection - BDC,Industry by employment variable,Filled jobs,Manufacturing,Seasonally adjusted,,
461,BDCQ.SEA1CS,2025.03,222229,,1,Number,0,Business Data Collection - BDC,Industry by employment variable,Filled jobs,Manufacturing,Seasonally adjusted,,
462,BDCQ.SEA1CS,2025.06,221000,,1,Number,0,Business Data Collection - BDC,Industry by employment variable,Filled jobs,Manufacturing,Seasonally adjusted,,
463,BDCQ.SEA1CS,2025.09,219482,,0,Number,0,Business Data Collection - BDC,Industry by employment variable,Filled jobs,Manufacturing,Seasonally adjusted,,
464,BDCQ.SEA1CT,2011.06,205597,,1,Number,0,Business Data Collection - BDC,Industry by employment variable,Filled jobs,Manufacturing,Trend,,
465,BDCQ.SEA1CT,2011.09,205138,,1,Number,0,Business Data Collection - BDC,Industry by employment variable,Filled jobs,Manufacturing,Trend,,
466,BDCQ.SEA1CT,2011.12,204706,,1,Number,0,Business Data Collection - BDC,Industry by employment variable,Filled jobs,Manufacturing,Trend,,
467,BDCQ.SEA1CT,2012.03,204980,,1,Number,0,Business Data Collection - BDC,Industry by employment variable,Filled jobs,Manufacturing,Trend,,
468,BDCQ.SEA1CT,2012.06,205002,,1,Number,0,Business Data Collection - BDC,Industry by employment variable,Filled jobs,Manufacturing,Trend,,
469,BDCQ.SEA1CT,2012.09,204320,,1,Number,0,Business Data Collection - BDC,Industry by employment variable,Filled jobs,Manufacturing,Trend,,
470,BDCQ.SEA1CT,2012.12,204177,,1,Number,0,Business Data Collection - BDC,Industry by employment variable,Filled jobs,Manufacturing,Trend,,
471,BDCQ.SEA1CT,2013.03,204437,,1,Number,0,Business Data Collection - BDC,Industry by employment variable,Filled jobs,Manufacturing,Trend,,
472,BDCQ.SEA1CT,2013.06,204595,,1,Number,0,Business Data Collection - BDC,Industry by employment variable,Filled jobs,Manufacturing,Trend,,
473,BDCQ.SEA1CT,2013.09,205898,,1,Number,0,Business Data Collection - BDC,Industry by employment variable,Filled jobs,Manufacturing,Trend,,
474,BDCQ.SEA1CT,2013.12,207609,,1,Number,0,Business Data Collection - BDC,Industry by employment variable,Filled jobs,Manufacturing,Trend,,
475,BDCQ.SEA1CT,2014.03,208392,,1,Number,0,Business Data Collection - BDC,Industry by employment variable,Filled jobs,Manufacturing,Trend,,
476,BDCQ.SEA1CT,2014.06,209098,,1,Number,0,Business Data Collection - BDC,Industry by employment variable,Filled jobs,Manufacturing,Trend,,
477,BDCQ.SEA1CT,2014.09,209557,,1,Number,0,Business Data Collection - BDC,Industry by employment variable,Filled jobs,Manufacturing,Trend,,
478,BDCQ.SEA1CT,2014.12,209678,,1,Number,0,Business Data Collection - BDC,Industry by employment variable,Filled jobs,Manufacturing,Trend,,
479,BDCQ.SEA1CT,2015.03,210198,,1,Number,0,Business Data Collection - BDC,Industry by employment variable,Filled jobs,Manufacturing,Trend,,
480,BDCQ.SEA1CT,2015.06,211236,,1,Number,0,Business Data Collection - BDC,Industry by employment variable,Filled jobs,Manufacturing,Trend,,
481,BDCQ.SEA1CT,2015.09,211689,,1,Number,0,Business Data Collection - BDC,Industry by employment variable,Filled jobs,Manufacturing,Trend,,
482,BDCQ.SEA1CT,2015.12,212085,,1,Number,0,Business Data Collection - BDC,Industry by employment variable,Filled jobs,Manufacturing,Trend,,
483,BDCQ.SEA1CT,2016.03,212708,,1,Number,0,Business Data Collection - BDC,Industry by employment variable,Filled jobs,Manufacturing,Trend,,
484,BDCQ.SEA1CT,2016.06,213598,,1,Number,0,Business Data Collection - BDC,Industry by employment variable,Filled jobs,Manufacturing,Trend,,
485,BDCQ.SEA1CT,2016.09,214518,,1,Number,0,Business Data Collection - BDC,Industry by employment variable,Filled jobs,Manufacturing,Trend,,
486,BDCQ.SEA1CT,2016.12,215179,,1,Number,0,Business Data Collection - BDC,Industry by employment variable,Filled jobs,Manufacturing,Trend,,
487,BDCQ.SEA1CT,2017.03,216081,,1,Number,0,Business Data Collection - BDC,Industry by employment variable,Filled jobs,Manufacturing,Trend,,
488,BDCQ.SEA1CT,2017.06,217369,,1,Number,0,Business Data Collection - BDC,Industry by employment variable,Filled jobs,Manufacturing,Trend,,
489,BDCQ.SEA1CT,2017.09,218656,,1,Number,0,Business Data Collection - BDC,Industry by employment variable,Filled jobs,Manufacturing,Trend,,
490,BDCQ.SEA1CT,2017.12,220038,,1,Number,0,Business Data Collection - BDC,Industry by employment variable,Filled jobs,Manufacturing,Trend,,
491,BDCQ.SEA1CT,2018.03,221940,,1,Number,0,Business Data Collection - BDC,Industry by employment variable,Filled jobs,Manufacturing,Trend,,
492,BDCQ.SEA1CT,2018.06,222921,,1,Number,0,Business Data Collection - BDC,Industry by employment variable,Filled jobs,Manufacturing,Trend,,
493,BDCQ.SEA1CT,2018.09,222973,,1,Number,0,Business Data Collection - BDC,Industry by employment variable,Filled jobs,Manufacturing,Trend,,
494,BDCQ.SEA1CT,2018.12,223523,,1,Number,0,Business Data Collection - BDC,Industry by employment variable,Filled jobs,Manufacturing,Trend,,
495,BDCQ.SEA1CT,2019.03,224383,,1,Number,0,Business Data Collection - BDC,Industry by employment variable,Filled jobs,Manufacturing,Trend,,
496,BDCQ.SEA1CT,2019.06,224482,,1,Number,0,Business Data Collection - BDC,Industry by employment variable,Filled jobs,Manufacturing,Trend,,
497,BDCQ.SEA1CT,2019.09,224987,,1,Number,0,Business Data Collection - BDC,Industry by employment variable,Filled jobs,Manufacturing,Trend,,
498,BDCQ.SEA1CT,2019.12,226101,,1,Number,0,Business Data Collection - BDC,Industry by employment variable,Filled jobs,Manufacturing,Trend,,
499,BDCQ.SEA1CT,2020.03,225764,,1,Number,0,Business Data Collection - BDC,Industry by employment variable,Filled jobs,Manufacturing,Trend,,
500,BDCQ.SEA1CT,2020.06,224153,,1,Number,0,Business Data Collection - BDC,Industry by employment variable,Filled jobs,Manufacturing,Trend,,
501,BDCQ.SEA1CT,2020.09,222988,,1,Number,0,Business Data Collection - BDC,Industry by employment variable,Filled jobs,Manufacturing,Trend,,
502,BDCQ.SEA1CT,2020.12,221871,,1,Number,0,Business Data Collection - BDC,Industry by employment variable,Filled jobs,Manufacturing,Trend,,
503,BDCQ.SEA1CT,2021.03,221617,,1,Number,0,Business Data Collection - BDC,Industry by employment variable,Filled jobs,Manufacturing,Trend,,
504,BDCQ.SEA1CT,2021.06,223119,,1,Number,0,Business Data Collection - BDC,Industry by employment variable,Filled jobs,Manufacturing,Trend,,
505,BDCQ.SEA1CT,2021.09,224897,,1,Number,0,Business Data Collection - BDC,Industry by employment variable,Filled jobs,Manufacturing,Trend,,
506,BDCQ.SEA1CT,2021.12,225780,,1,Number,0,Business Data Collection - BDC,Industry by employment variable,Filled jobs,Manufacturing,Trend,,
507,BDCQ.SEA1CT,2022.03,226219,,1,Number,0,Business Data Collection - BDC,Industry by employment variable,Filled jobs,Manufacturing,Trend,,
508,BDCQ.SEA1CT,2022.06,226966,,1,Number,0,Business Data Collection - BDC,Industry by employment variable,Filled jobs,Manufacturing,Trend,,
509,BDCQ.SEA1CT,2022.09,228155,,1,Number,0,Business Data Collection - BDC,Industry by employment variable,Filled jobs,Manufacturing,Trend,,
510,BDCQ.SEA1CT,2022.12,229489,,1,Number,0,Business Data Collection - BDC,Industry by employment variable,Filled jobs,Manufacturing,Trend,,
511,BDCQ.SEA1CT,2023.03,230618,,1,Number,0,Business Data Collection - BDC,Industry by employment variable,Filled jobs,Manufacturing,Trend,,
512,BDCQ.SEA1CT,2023.06,231631,,1,Number,0,Business Data Collection - BDC,Industry by employment variable,Filled jobs,Manufacturing,Trend,,
513,BDCQ.SEA1CT,2023.09,231436,,1,Number,0,Business Data Collection - BDC,Industry by employment variable,Filled jobs,Manufacturing,Trend,,
514,BDCQ.SEA1CT,2023.12,230004,,1,Number,0,Business Data Collection - BDC,Industry by employment variable,Filled jobs,Manufacturing,Trend,,
515,BDCQ.SEA1CT,2024.03,228458,,1,Number,0,Business Data Collection - BDC,Industry by employment variable,Filled jobs,Manufacturing,Trend,,
516,BDCQ.SEA1CT,2024.06,226981,,1,Number,0,Business Data Collection - BDC,Industry by employment variable,Filled jobs,Manufacturing,Trend,,
517,BDCQ.SEA1CT,2024.09,225195,,1,Number,0,Business Data Collection - BDC,Industry by employment variable,Filled jobs,Manufacturing,Trend,,
518,BDCQ.SEA1CT,2024.12,223500,,1,Number,0,Business Data Collection - BDC,Industry by employment variable,Filled jobs,Manufacturing,Trend,,
519,BDCQ.SEA1CT,2025.03,222237,,1,Number,0,Business Data Collection - BDC,Industry by employment variable,Filled jobs,Manufacturing,Trend,,
520,BDCQ.SEA1CT,2025.06,220902,,1,Number,0,Business Data Collection - BDC,Industry by employment variable,Filled jobs,Manufacturing,Trend,,
521,BDCQ.SEA1CT,2025.09,219607,,0,Number,0,Business Data Collection - BDC,Industry by employment variable,Filled jobs,Manufacturing,Trend,,
522,BDCQ.SEA1DA,2011.06,14486,,0,Number,0,Business Data Collection - BDC,Industry by employment variable,Filled jobs,"Electricity, Gas, Water and Waste Services",Actual,,
523,BDCQ.SEA1DA,2011.09,14796,,0,Number,0,Business Data Collection - BDC,Industry by employment variable,Filled jobs,"Electricity, Gas, Water and Waste Services",Actual,,
524,BDCQ.SEA1DA,2011.12,15026,,0,Number,0,Business Data Collection - BDC,Industry by employment variable,Filled jobs,"Electricity, Gas, Water and Waste Services",Actual,,
525,BDCQ.SEA1DA,2012.03,15065,,0,Number,0,Business Data Collection - BDC,Industry by employment variable,Filled jobs,"Electricity, Gas, Water and Waste Services",Actual,,
526,BDCQ.SEA1DA,2012.06,15046,,0,Number,0,Business Data Collection - BDC,Industry by employment variable,Filled jobs,"Electricity, Gas, Water and Waste Services",Actual,,
527,BDCQ.SEA1DA,2012.09,15188,,0,Number,0,Business Data Collection - BDC,Industry by employment variable,Filled jobs,"Electricity, Gas, Water and Waste Services",Actual,,
528,BDCQ.SEA1DA,2012.12,15269,,0,Number,0,Business Data Collection - BDC,Industry by employment variable,Filled jobs,"Electricity, Gas, Water and Waste Services",Actual,,
529,BDCQ.SEA1DA,2013.03,15844,,0,Number,0,Business Data Collection - BDC,Industry by employment variable,Filled jobs,"Electricity, Gas, Water and Waste Services",Actual,,
530,BDCQ.SEA1DA,2013.06,15895,,0,Number,0,Business Data Collection - BDC,Industry by employment variable,Filled jobs,"Electricity, Gas, Water and Waste Services",Actual,,
531,BDCQ.SEA1DA,2013.09,15773,,0,Number,0,Business Data Collection - BDC,Industry by employment variable,Filled jobs,"Electricity, Gas, Water and Waste Services",Actual,,
532,BDCQ.SEA1DA,2013.12,16010,,0,Number,0,Business Data Collection - BDC,Industry by employment variable,Filled jobs,"Electricity, Gas, Water and Waste Services",Actual,,
533,BDCQ.SEA1DA,2014.03,15570,,0,Number,0,Business Data Collection - BDC,Industry by employment variable,Filled jobs,"Electricity, Gas, Water and Waste Services",Actual,,
534,BDCQ.SEA1DA,2014.06,15347,,0,Number,0,Business Data Collection - BDC,Industry by employment variable,Filled jobs,"Electricity, Gas, Water and Waste Services",Actual,,
535,BDCQ.SEA1DA,2014.09,15515,,0,Number,0,Business Data Collection - BDC,Industry by employment variable,Filled jobs,"Electricity, Gas, Water and Waste Services",Actual,,
536,BDCQ.SEA1DA,2014.12,15830,,0,Number,0,Business Data Collection - BDC,Industry by employment variable,Filled jobs,"Electricity, Gas, Water and Waste Services",Actual,,
537,BDCQ.SEA1DA,2015.03,16017,,0,Number,0,Business Data Collection - BDC,Industry by employment variable,Filled jobs,"Electricity, Gas, Water and Waste Services",Actual,,
538,BDCQ.SEA1DA,2015.06,15972,,0,Number,0,Business Data Collection - BDC,Industry by employment variable,Filled jobs,"Electricity, Gas, Water and Waste Services",Actual,,
539,BDCQ.SEA1DA,2015.09,15962,,0,Number,0,Business Data Collection - BDC,Industry by employment variable,Filled jobs,"Electricity, Gas, Water and Waste Services",Actual,,
540,BDCQ.SEA1DA,2015.12,16143,,0,Number,0,Business Data Collection - BDC,Industry by employment variable,Filled jobs,"Electricity, Gas, Water and Waste Services",Actual,,
541,BDCQ.SEA1DA,2016.03,16372,,0,Number,0,Business Data Collection - BDC,Industry by employment variable,Filled jobs,"Electricity, Gas, Water and Waste Services",Actual,,
542,BDCQ.SEA1DA,2016.06,16416,,0,Number,0,Business Data Collection - BDC,Industry by employment variable,Filled jobs,"Electricity, Gas, Water and Waste Services",Actual,,
543,BDCQ.SEA1DA,2016.09,16533,,0,Number,0,Business Data Collection - BDC,Industry by employment variable,Filled jobs,"Electricity, Gas, Water and Waste Services",Actual,,
544,BDCQ.SEA1DA,2016.12,16245,,0,Number,0,Business Data Collection - BDC,Industry by employment variable,Filled jobs,"Electricity, Gas, Water and Waste Services",Actual,,
545,BDCQ.SEA1DA,2017.03,17207,,0,Number,0,Business Data Collection - BDC,Industry by employment variable,Filled jobs,"Electricity, Gas, Water and Waste Services",Actual,,
546,BDCQ.SEA1DA,2017.06,17243,,0,Number,0,Business Data Collection - BDC,Industry by employment variable,Filled jobs,"Electricity, Gas, Water and Waste Services",Actual,,
547,BDCQ.SEA1DA,2017.09,17678,,0,Number,0,Business Data Collection - BDC,Industry by employment variable,Filled jobs,"Electricity, Gas, Water and Waste Services",Actual,,
548,BDCQ.SEA1DA,2017.12,18145,,0,Number,0,Business Data Collection - BDC,Industry by employment variable,Filled jobs,"Electricity, Gas, Water and Waste Services",Actual,,
549,BDCQ.SEA1DA,2018.03,18505,,0,Number,0,Business Data Collection - BDC,Industry by employment variable,Filled jobs,"Electricity, Gas, Water and Waste Services",Actual,,
550,BDCQ.SEA1DA,2018.06,18511,,0,Number,0,Business Data Collection - BDC,Industry by employment variable,Filled jobs,"Electricity, Gas, Water and Waste Services",Actual,,
551,BDCQ.SEA1DA,2018.09,18512,,0,Number,0,Business Data Collection - BDC,Industry by employment variable,Filled jobs,"Electricity, Gas, Water and Waste Services",Actual,,
552,BDCQ.SEA1DA,2018.12,18812,,0,Number,0,Business Data Collection - BDC,Industry by employment variable,Filled jobs,"Electricity, Gas, Water and Waste Services",Actual,,
553,BDCQ.SEA1DA,2019.03,18937,,0,Number,0,Business Data Collection - BDC,Industry by employment variable,Filled jobs,"Electricity, Gas, Water and Waste Services",Actual,,
554,BDCQ.SEA1DA,2019.06,19046,,0,Number,0,Business Data Collection - BDC,Industry by employment variable,Filled jobs,"Electricity, Gas, Water and Waste Services",Actual,,
555,BDCQ.SEA1DA,2019.09,19316,,0,Number,0,Business Data Collection - BDC,Industry by employment variable,Filled jobs,"Electricity, Gas, Water and Waste Services",Actual,,
556,BDCQ.SEA1DA,2019.12,19634,,0,Number,0,Business Data Collection - BDC,Industry by employment variable,Filled jobs,"Electricity, Gas, Water and Waste Services",Actual,,
557,BDCQ.SEA1DA,2020.03,19770,,0,Number,0,Business Data Collection - BDC,Industry by employment variable,Filled jobs,"Electricity, Gas, Water and Waste Services",Actual,,
558,BDCQ.SEA1DA,2020.06,19791,,0,Number,0,Business Data Collection - BDC,Industry by employment variable,Filled jobs,"Electricity, Gas, Water and Waste Services",Actual,,
559,BDCQ.SEA1DA,2020.09,20060,,0,Number,0,Business Data Collection - BDC,Industry by employment variable,Filled jobs,"Electricity, Gas, Water and Waste Services",Actual,,
560,BDCQ.SEA1DA,2020.12,20282,,0,Number,0,Business Data Collection - BDC,Industry by employment variable,Filled jobs,"Electricity, Gas, Water and Waste Services",Actual,,
561,BDCQ.SEA1DA,2021.03,20618,,0,Number,0,Business Data Collection - BDC,Industry by employment variable,Filled jobs,"Electricity, Gas, Water and Waste Services",Actual,,
562,BDCQ.SEA1DA,2021.06,20644,,0,Number,0,Business Data Collection - BDC,Industry by employment variable,Filled jobs,"Electricity, Gas, Water and Waste Services",Actual,,
563,BDCQ.SEA1DA,2021.09,20738,,0,Number,0,Business Data Collection - BDC,Industry by employment variable,Filled jobs,"Electricity, Gas, Water and Waste Services",Actual,,
564,BDCQ.SEA1DA,2021.12,21113,,0,Number,0,Business Data Collection - BDC,Industry by employment variable,Filled jobs,"Electricity, Gas, Water and Waste Services",Actual,,
565,BDCQ.SEA1DA,2022.03,21386,,0,Number,0,Business Data Collection - BDC,Industry by employment variable,Filled jobs,"Electricity, Gas, Water and Waste Services",Actual,,
566,BDCQ.SEA1DA,2022.06,22052,,0,Number,0,Business Data Collection - BDC,Industry by employment variable,Filled jobs,"Electricity, Gas, Water and Waste Services",Actual,,
567,BDCQ.SEA1DA,2022.09,21892,,0,Number,0,Business Data Collection - BDC,Industry by employment variable,Filled jobs,"Electricity, Gas, Water and Waste Services",Actual,,
568,BDCQ.SEA1DA,2022.12,22208,,0,Number,0,Business Data Collection - BDC,Industry by employment variable,Filled jobs,"Electricity, Gas, Water and Waste Services",Actual,,
569,BDCQ.SEA1DA,2023.03,22680,,0,Number,0,Business Data Collection - BDC,Industry by employment variable,Filled jobs,"Electricity, Gas, Water and Waste Services",Actual,,
570,BDCQ.SEA1DA,2023.06,22361,,0,Number,0,Business Data Collection - BDC,Industry by employment variable,Filled jobs,"Electricity, Gas, Water and Waste Services",Actual,,
571,BDCQ.SEA1DA,2023.09,22599,,0,Number,0,Business Data Collection - BDC,Industry by employment variable,Filled jobs,"Electricity, Gas, Water and Waste Services",Actual,,
572,BDCQ.SEA1DA,2023.12,23256,,0,Number,0,Business Data Collection - BDC,Industry by employment variable,Filled jobs,"Electricity, Gas, Water and Waste Services",Actual,,
573,BDCQ.SEA1DA,2024.03,23426,,0,Number,0,Business Data Collection - BDC,Industry by employment variable,Filled jobs,"Electricity, Gas, Water and Waste Services",Actual,,
574,BDCQ.SEA1DA,2024.06,23592,,0,Number,0,Business Data Collection - BDC,Industry by employment variable,Filled jobs,"Electricity, Gas, Water and Waste Services",Actual,,
575,BDCQ.SEA1DA,2024.09,23577,,0,Number,0,Business Data Collection - BDC,Industry by employment variable,Filled jobs,"Electricity, Gas, Water and Waste Services",Actual,,
576,BDCQ.SEA1DA,2024.12,23981,,0,Number,0,Business Data Collection - BDC,Industry by employment variable,Filled jobs,"Electricity, Gas, Water and Waste Services",Actual,,
577,BDCQ.SEA1DA,2025.03,23965,,0,Number,0,Business Data Collection - BDC,Industry by employment variable,Filled jobs,"Electricity, Gas, Water and Waste Services",Actual,,
578,BDCQ.SEA1DA,2025.06,23678,,0,Number,0,Business Data Collection - BDC,Industry by employment variable,Filled jobs,"Electricity, Gas, Water and Waste Services",Actual,,
579,BDCQ.SEA1DA,2025.09,23607,,1,Number,0,Business Data Collection - BDC,Industry by employment variable,Filled jobs,"Electricity, Gas, Water and Waste Services",Actual,,
580,BDCQ.SEA1DS,2011.06,14486,,1,Number,0,Business Data Collection - BDC,Industry by employment variable,Filled jobs,"Electricity, Gas, Water and Waste Services",Seasonally adjusted,,
581,BDCQ.SEA1DS,2011.09,14796,,1,Number,0,Business Data Collection - BDC,Industry by employment variable,Filled jobs,"Electricity, Gas, Water and Waste Services",Seasonally adjusted,,
582,BDCQ.SEA1DS,2011.12,15026,,1,Number,0,Business Data Collection - BDC,Industry by employment variable,Filled jobs,"Electricity, Gas, Water and Waste Services",Seasonally adjusted,,
583,BDCQ.SEA1DS,2012.03,15065,,1,Number,0,Business Data Collection - BDC,Industry by employment variable,Filled jobs,"Electricity, Gas, Water and Waste Services",Seasonally adjusted,,
584,BDCQ.SEA1DS,2012.06,15046,,1,Number,0,Business Data Collection - BDC,Industry by employment variable,Filled jobs,"Electricity, Gas, Water and Waste Services",Seasonally adjusted,,
585,BDCQ.SEA1DS,2012.09,15188,,1,Number,0,Business Data Collection - BDC,Industry by employment variable,Filled jobs,"Electricity, Gas, Water and Waste Services",Seasonally adjusted,,
586,BDCQ.SEA1DS,2012.12,15269,,1,Number,0,Business Data Collection - BDC,Industry by employment variable,Filled jobs,"Electricity, Gas, Water and Waste Services",Seasonally adjusted,,
587,BDCQ.SEA1DS,2013.03,15844,,1,Number,0,Business Data Collection - BDC,Industry by employment variable,Filled jobs,"Electricity, Gas, Water and Waste Services",Seasonally adjusted,,
588,BDCQ.SEA1DS,2013.06,15895,,1,Number,0,Business Data Collection - BDC,Industry by employment variable,Filled jobs,"Electricity, Gas, Water and Waste Services",Seasonally adjusted,,
589,BDCQ.SEA1DS,2013.09,15773,,1,Number,0,Business Data Collection - BDC,Industry by employment variable,Filled jobs,"Electricity, Gas, Water and Waste Services",Seasonally adjusted,,
590,BDCQ.SEA1DS,2013.12,16010,,1,Number,0,Business Data Collection - BDC,Industry by employment variable,Filled jobs,"Electricity, Gas, Water and Waste Services",Seasonally adjusted,,
591,BDCQ.SEA1DS,2014.03,15570,,1,Number,0,Business Data Collection - BDC,Industry by employment variable,Filled jobs,"Electricity, Gas, Water and Waste Services",Seasonally adjusted,,
592,BDCQ.SEA1DS,2014.06,15347,,1,Number,0,Business Data Collection - BDC,Industry by employment variable,Filled jobs,"Electricity, Gas, Water and Waste Services",Seasonally adjusted,,
593,BDCQ.SEA1DS,2014.09,15515,,1,Number,0,Business Data Collection - BDC,Industry by employment variable,Filled jobs,"Electricity, Gas, Water and Waste Services",Seasonally adjusted,,
594,BDCQ.SEA1DS,2014.12,15830,,1,Number,0,Business Data Collection - BDC,Industry by employment variable,Filled jobs,"Electricity, Gas, Water and Waste Services",Seasonally adjusted,,
595,BDCQ.SEA1DS,2015.03,16017,,1,Number,0,Business Data Collection - BDC,Industry by employment variable,Filled jobs,"Electricity, Gas, Water and Waste Services",Seasonally adjusted,,
596,BDCQ.SEA1DS,2015.06,15972,,1,Number,0,Business Data Collection - BDC,Industry by employment variable,Filled jobs,"Electricity, Gas, Water and Waste Services",Seasonally adjusted,,
597,BDCQ.SEA1DS,2015.09,15962,,1,Number,0,Business Data Collection - BDC,Industry by employment variable,Filled jobs,"Electricity, Gas, Water and Waste Services",Seasonally adjusted,,
598,BDCQ.SEA1DS,2015.12,16143,,1,Number,0,Business Data Collection - BDC,Industry by employment variable,Filled jobs,"Electricity, Gas, Water and Waste Services",Seasonally adjusted,,
599,BDCQ.SEA1DS,2016.03,16372,,1,Number,0,Business Data Collection - BDC,Industry by employment variable,Filled jobs,"Electricity, Gas, Water and Waste Services",Seasonally adjusted,,
600,BDCQ.SEA1DS,2016.06,16416,,1,Number,0,Business Data Collection - BDC,Industry by employment variable,Filled jobs,"Electricity, Gas, Water and Waste Services",Seasonally adjusted,,
601,BDCQ.SEA1DS,2016.09,16533,,1,Number,0,Business Data Collection - BDC,Industry by employment variable,Filled jobs,"Electricity, Gas, Water and Waste Services",Seasonally adjusted,,
602,BDCQ.SEA1DS,2016.12,16245,,1,Number,0,Business Data Collection - BDC,Industry by employment variable,Filled jobs,"Electricity, Gas, Water and Waste Services",Seasonally adjusted,,
603,BDCQ.SEA1DS,2017.03,17207,,1,Number,0,Business Data Collection - BDC,Industry by employment variable,Filled jobs,"Electricity, Gas, Water and Waste Services",Seasonally adjusted,,
604,BDCQ.SEA1DS,2017.06,17243,,1,Number,0,Business Data Collection - BDC,Industry by employment variable,Filled jobs,"Electricity, Gas, Water and Waste Services",Seasonally adjusted,,
605,BDCQ.SEA1DS,2017.09,17678,,1,Number,0,Business Data Collection - BDC,Industry by employment variable,Filled jobs,"Electricity, Gas, Water and Waste Services",Seasonally adjusted,,
606,BDCQ.SEA1DS,2017.12,18145,,1,Number,0,Business Data Collection - BDC,Industry by employment variable,Filled jobs,"Electricity, Gas, Water and Waste Services",Seasonally adjusted,,
